transaction_hash,block_number,arbitrager,protocols,profit_raw,cost_in_usd,profit_amount_in_usd,flash_loan_asset,flash_loan_amount,flash_loan_in_usd
0xa889f24bb68179014c32766c646c52d021d253200c08789e556d6c95a4d563af,21519224,0x34d9ec47df33f7b7ae9cc2fd439714d57ae26728,{},"[{""address"":""0x5c47902c8c80779cb99235e42c354e53f38c3b0d"",""amount"":""2.491714980000000166160498688e+27""}]",0,0,,,
0x260b777dbfed18bf540fdd004cfc10db3a1a2c92236d138300433e0bef1b84ba,21519225,0x089d2772bae390a741504781ba4b4954ed230828,{},"[{""address"":""0x1202f5c7b4b9e47a1a484e8b270be34dbbc75055"",""amount"":""71289357233790342774""}]",0,0,,,
0x63c80bc891bd3299a19e9cf3095bc4e68b08c6368d353a3972d066ca7df7b245,21519226,0x0eae044f00b0af300500f090ea00027097d03000,{},"[{""address"":""0x744d70fdbe2ba4cf95131626614a1763df805b9e"",""amount"":1}]",4.512430938979534,-4.512430938979534,,,
0x6e8f6e64b6c094c561d95953bbc6c881c56437c182f4925d4266576cf91ad5d9,21519227,0xf47c306258567b98dbfeea421e472492d1e67230,{},"[{""address"":""0x927e0286a74279f27a4b963d108313071bb46bdb"",""amount"":493191044150006}]",0,0,,,
0x523830cc2408cdaf30fbcaa23be09478ea98037601601b387d30a6d46c4082bc,21519228,0x01bd2da640345f1c29831b7cef9a434298408172,{},"[{""address"":""0xc02aaa39b223fe8d0a0e5c4f27ead9083c756cc2"",""amount"":""1136692654495059""}]",3.8117806687175393,0.008975100408236791,,,
0xc0086e9589a1ab294bf70df0dfa7085cc4ee676ea839cebe41b6c854cd070c46,21519228,0xe08d97e151473a848c3d9ca3f323cb720472d015,"{BalancerV1,BalancerV2,BalancerV2}","[{""address"":""0xc02aaa39b223fe8d0a0e5c4f27ead9083c756cc2"",""amount"":""5207196773045526""}]",11.567455726196478,5.935452410765798,0xc02aaa39b223fe8d0a0e5c4f27ead9083c756cc2,3558278100493475,0
0x6aad5f6907040b7123b4448704d781a0390328f7472fcef6b1422cd5aa1ddef2,21519228,0x8e354f07ac2073a38cdc817cb8cebc8cd219ccbd,{},"[{""address"":""0xc02aaa39b223fe8d0a0e5c4f27ead9083c756cc2"",""amount"":972129172455424}]",3.2418775440870204,0.02573233207997072,,,
0xaf25b210ea077190adc6d7fa1633a1bfd9c67e47d98ef002e26564c77529ce39,21519228,0x507888e987257a8dde6f8afa46375cefe2cbf504,{},"[{""address"":""0xc02aaa39b223fe8d0a0e5c4f27ead9083c756cc2"",""amount"":527971575752974}]",1.7622438948849328,0.012422666049873188,,,
0xa6e580be704660a913c6ea8a916e30216b1fc04385894652199c865fde9409ed,21519229,0x65a895451168c1200f15c8219ed458f682c3deac,{},"[{""address"":""0x44971abf0251958492fee97da3e5c5ada88b9185"",""amount"":""52798424162898458410""}]",3.2385801941083665,192.05520735735018,,,
0x60754686404f11649b25c418eae52072331e3ab64c9295059c4723247b25062d,21519229,0xe8cfcd7bc9e4f6a268022b28940132dea1ee7165,{},"[{""address"":""0x6982508145454ce325ddbe47a25d4ec3d2311933"",""amount"":""1.12589819194883304088443266e+26""}]",4.8179813760840595,2056.859233829102,,,
0xc7d86d7df3e5e76153a53860ba86cd02a65878633ad4a25cbe0b72038bfa1b11,21519230,0x312b53604afe1b7d32ca6bdc283c737cbca2c05d,{},"[{""address"":""0xdac17f958d2ee523a2206206994597c13d831ec7"",""amount"":11379987}]",3.91123883347626,7.45158934360323,,,
0xf765c136639f2ec4750d3b94dfdb7ccbefb3d533fb9cbac416aecb431b449831,21519231,0xd4bc53434c5e12cb41381a556c3c47e1a86e80e3,{},"[{""address"":""0xdac17f958d2ee523a2206206994597c13d831ec7"",""amount"":6654563329}]",2.7730077429153943,6641.756524753132,,,
0x23ff5a12df38b9363b570602384077e167ab098001a9ae92ee002e3ef4748e59,21519231,0xe77a01c70fde046561308595ce1ed5a83ad276c8,{},"[{""address"":""0xdac17f958d2ee523a2206206994597c13d831ec7"",""amount"":64151501}]",4.352675576640453,59.702097347506395,,,
0x57582cdf3df8074e6a24ebe8f8299202c0d2967724578b64acc38a4cbd10ac70,21519231,0x16c6521dff6bab339122a0fe25a9116693265353,{},"[{""address"":""0x66a1e37c9b0eaddca17d3662d6c05f4decf3e110"",""amount"":1}]",3.0174524007688106,-3.0174524007688106,,,
0x628ae7a5df9ad7fd760d9f0c72cab188b2b6bb0dbb95416648b591aa46f13637,21519232,0x19c3070c0f0a018bb109a7ff08fcd5626420ce7f,{},"[{""address"":""0xd9a442856c234a39a81a089c06451ebaa4306a72"",""amount"":""5361375574239901466""}]",6.777402024547859,18525.124739300532,,,
0x8cb73b9bc139cb4d307fe312990ed8fad3b98bb59f1557a076293667de8798e5,21519232,0xf7ca73fb04abc558944615dbc6ae6f56e3b4c6e0,{},"[{""address"":""0xc02aaa39b223fe8d0a0e5c4f27ead9083c756cc2"",""amount"":778926214721847}]",2.0869373312761876,0.5312610153506192,,,
0x09e02b2ef34e19dfe29301d229bea8c5c23264494581d38a9ddca2206bb56ed8,21519235,0x81463b0f960f247f704377661ec81c1fd65b5128,{},"[{""address"":""0xc02aaa39b223fe8d0a0e5c4f27ead9083c756cc2"",""amount"":""4000320560562176""}]",13.0321066779894,0.4141382675363108,,,
0xfa985400f8f7b788039e5f7a30d62a6b68e12f20fcca8b951729c2fd7da9c41e,21519236,0x00000000009e50a7ddb7a7b0e2ee6604fd120e49,{},"[{""address"":""0xc02aaa39b223fe8d0a0e5c4f27ead9083c756cc2"",""amount"":""13149257210800373760""}]",43.15309843805001,44155.33815529656,,,
0x26ec2fabea0511a6284ae7113015d999bda87c76d1a310b6749dfe1277b7b8a4,21519237,0x68715b0de806bff25346f97341a2ac6f21c18bc5,{},"[{""address"":""0xa0b86991c6218b36c1d19d4a2e9eb0ce3606eb48"",""amount"":45987504}]",3.9979348779960207,42.01110524947844,,,
0x974033af838cdcabcf8d69ea0b2842b594d18e7ba3c5bea33ff32367052afe6a,21519238,0x5b93d80da1a359340d1f339fb574bdc56763f995,{},"[{""address"":""0xc02aaa39b223fe8d0a0e5c4f27ead9083c756cc2"",""amount"":""1399465260513118""}]",3.952879141029046,0.7511320502562984,,,
0xd70d39a98dff6a5e9ebd589b108f1d2328c98f05746351f5e33ccbdcbc0b6fd5,21519238,0x7c540bba220a27905861cd49284ff8a047db1383,{},"[{""address"":""0x728f30fa2f100742c7949d1961804fa8e0b1387d"",""amount"":""6.972598907580896607723e+21""}]",5.2362580350214945,495.97309320408567,,,
0xa72f73a1dd4fe7a6b2aa0776fd428fb77ee555a2bba592536006087a786f16a0,21519239,0x00000000009e50a7ddb7a7b0e2ee6604fd120e49,{},"[{""address"":""0xc02aaa39b223fe8d0a0e5c4f27ead9083c756cc2"",""amount"":""11222301961879552""}]",36.27670204949657,1.4447302076423796,,,
0x3c8036c0dee0b12078f2ee119ac562b7290a4a1f40f4f3a2ff3f72b151d15eb8,21519240,0x1f2f10d1c40777ae1da742455c65828ff36df387,{},"[{""address"":""0xb23d80f5fefcddaa212212f028021b41ded428cf"",""amount"":30306304316143}]",6.017636717377653,-6.017224934138309,,,
0xe20bbe9306e2f0db0bf4d6ea8c2bb8185de0d5e67ed1a0242100b8b5d495a4e7,21519240,0x1f2f10d1c40777ae1da742455c65828ff36df387,{},"[{""address"":""0xc02aaa39b223fe8d0a0e5c4f27ead9083c756cc2"",""amount"":""1.211196423910706761041e+21""}]",210.58427441986203,4070974.0986749474,,,
0x1cf02c53a6700459c5192a7436f21485f22134f7e8230c9e0113e8d52f9bea69,21519240,0x6f2600b46ab33c7c5de7f5805d0e62e6dcb157e2,{},"[{""address"":""0x06b964d96f5dcf7eae9d7c559b09edce244d4b8e"",""amount"":""5.3355596792931171769047e+22""}]",5.792852094212424,59107.56781812026,,,
0x0255ba0fb22e2c40eb7d9501e7ba9a34a8e2b1b3a6164e7d4e0751e69c342991,21519240,0xcf5540fffcdc3d510b18bfca6d2b9987b0772559,{},"[{""address"":""0xdac17f958d2ee523a2206206994597c13d831ec7"",""amount"":63169}]",2.189268952905475,-2.1261951995595414,,,
0xb1a30537c4460085692989d323486eed9654669a9c6ed3bfc0236455242128b8,21519242,0x1f2f10d1c40777ae1da742455c65828ff36df387,{},"[{""address"":""0xc02aaa39b223fe8d0a0e5c4f27ead9083c756cc2"",""amount"":""52740033731362816""}]",2.613411200324758,174.66123498141357,,,
0xdb8f111b72c01aecc71c07b4ed179dd6ae4c0bf5a75a25de7b8c613dc8b38bdd,21519242,0x9de34e5455cd853c650dbed3b4d4c09ae99ea5c1,{},"[{""address"":""0x3073f7aaa4db83f95e9fff17424f71d4751a3073"",""amount"":102978040193}]",3.1671850190980533,945.0226125652215,,,
0x49b1a92548914db55172161293f27337c7e6e2f27d4070a3282e905a77d0a19e,21519242,0x1f2f10d1c40777ae1da742455c65828ff36df387,{},"[{""address"":""0x614a48c41be6ba6762b63a92cc33cfb5e8149332"",""amount"":""151119478466533130240""}]",6.003378739506697,371.7953174268262,,,
0xabb6433b0d36846b33fd87da7d2cafa26232805543cbfa741fa6f180a641b14d,21519242,0x2b985054f4f21024142d22a20b6778b0d4ac580d,{},"[{""address"":""0x9d39a5de30e57443bff2a8307a4256c8797a3497"",""amount"":""1.63457055059369734727736e+23""}]",3.318902065628101,185951.09655584805,,,
0xc9776c3b855a8bdb8234f00cdc856ec16d0f3434203c44e42ec4655898bfa976,21519245,0x1f2f10d1c40777ae1da742455c65828ff36df387,{},"[{""address"":""0xa0b86991c6218b36c1d19d4a2e9eb0ce3606eb48"",""amount"":177585834473}]",10.888555704356945,177658.1100561641,,,
0x17e956be267fe5f9b9e675f33ce38cea01835091aaf3b15612ca0325a6d3bd29,21519245,0x1f2f10d1c40777ae1da742455c65828ff36df387,{},"[{""address"":""0xc02aaa39b223fe8d0a0e5c4f27ead9083c756cc2"",""amount"":""54118377628086324835""}]",236.03764025842122,181671.62466454535,,,
0xb6c92c9340bd42e81c21a4a9fb0decfa7d54020cdb404d71b6f6aeff535c1446,21519246,0x80eabd6df366b62fbb970029363c3e52eff00953,{},"[{""address"":""0xc02aaa39b223fe8d0a0e5c4f27ead9083c756cc2"",""amount"":""1350960239044197""}]",4.540514431635974,0.0004572257207602348,,,
0xed24bc35f269bdc062927c18b93f1fa9e1f007d7139f99261793f35d53fab2e4,21519247,0x1f2f10d1c40777ae1da742455c65828ff36df387,{},"[{""address"":""0xa0b86991c6218b36c1d19d4a2e9eb0ce3606eb48"",""amount"":965}]",6.391197295022983,-6.39023184310972,,,
0x8a6c165a1dff3c471a43ef0c01851f84440e5df58fcc3658aa02f74ae37be624,21519248,0x57f845829140d9d9d8e357fa0d9f943483a12fc5,{},"[{""address"":""0xff17dab22f1e61078aba2623c89ce6110e878b3c"",""amount"":""6.2330310927549638115659e+22""}]",0,0,,,
0x383f6a16455c022d416a84037ec9a880048349c9013e12c5242e0f23e8829a74,21519249,0xea8cf32e4ac03acab2babb9028bac5c853e0ce80,{},"[{""address"":""0xc02aaa39b223fe8d0a0e5c4f27ead9083c756cc2"",""amount"":""1501322998185984""}]",4.80035825500112,0.24602652100364075,,,
0x87f66da43bb56c6b181949326c97162737c4c33897e45576659bfffb9faa8bcf,21519249,0x014f099aea90bb5859cb55e0945a309a580e5a81,{},"[{""address"":""0xa0b86991c6218b36c1d19d4a2e9eb0ce3606eb48"",""amount"":1938455387}]",4.757521410868647,1934.6056518068394,,,
0xb778d9b11c61226c3443ef17c87d3eb9c91dcdabeaee4795f4a372876f3d86c5,21519250,0x828ae1566824a9835acb6f565e1e9ea22bfb883a,{},"[{""address"":""0xc02aaa39b223fe8d0a0e5c4f27ead9083c756cc2"",""amount"":""1566825544417280""}]",5.266557951399232,0.00000000019169998921597653,,,
0xc443692990e51fc9948ee522c936135649a69b8cf0f3263f68a891a58cb1d0e8,21519250,0x33b41fe18d3a39046ad672f8a0c8c415454f629c,{},"[{""address"":""0xe28b3b32b6c345a34ff64674606124dd5aceca30"",""amount"":""4706608629585485""}]",3.3169172813245202,-3.2227017045300044,,,
0xf69945ca37c561ebe9781ef85f7c025fb5f683ed3b27e20554dff2217fa6ee4e,21519251,0x1f2f10d1c40777ae1da742455c65828ff36df387,{},"[{""address"":""0xff284f2e8cce4cd2f4537d8a9369482b545908fb"",""amount"":173928107999232}]",10.130080315124959,1877.8231462563447,,,
0xa31b51ce4e7ca353b6d32eebc3061e8b9777e517ccfb02617ba6f5624e589e14,21519251,0x1f2f10d1c40777ae1da742455c65828ff36df387,{},"[{""address"":""0xc02aaa39b223fe8d0a0e5c4f27ead9083c756cc2"",""amount"":""2690042142622504106""}]",35.976620871709294,9006.040141506403,,,
0x900472310b9073b96cff2d5f6cdbfd0ccefd0794b094a86ce2eb33c8d68aa5f4,21519251,0x00000000009e50a7ddb7a7b0e2ee6604fd120e49,{},"[{""address"":""0xc02aaa39b223fe8d0a0e5c4f27ead9083c756cc2"",""amount"":""2463564333842432""}]",8.01329984725447,0.26745889955230595,,,
0xa4df20247463d1ca6ce6d4cde18ea247abcc0cb612ae799ac99fabec82d45d4d,21519251,0xb62225f50d0e08ff45a5bf11054e710ad86beacf,{},"[{""address"":""0xd29da236dd4aac627346e1bba06a619e8c22d7c5"",""amount"":""15686791524135968""}]",4.23197057555305,1008.1904170338775,,,
0x89524dc335f438907d161ed9a061ea26cd66b23c9cb981972a927db066aa3275,21519252,0x3d20601ac0ba9cae4564ddf7870825c505b69f1a,{},"[{""address"":""0x861e65f1bf472ead79c248111d78211907130820"",""amount"":""4978353361096832203""}]",0,0,,,
0x20c665c4a83b723ac2a9e8ef81973204b162a3bab72d79141d0c90a5b4b0ceef,21519256,0x45312ea0eff7e09c83cbe249fa1d7598c4c8cd4e,{},"[{""address"":""0xf939e0a03fb07f59a73314e73794be0e57ac1b4e"",""amount"":1}]",4.596629425672167,-4.596629425672167,,,
0x009c17761c87084deb32704470b021aa061a4c56a20bd11f7a3b7b088b9b78c3,21519258,0x36cc269a0fb07c6fccf83a23178b1a126161bc61,{},"[{""address"":""0x44ff8620b8ca30902395a7bd3f2407e1a091bf73"",""amount"":""11119230196875760761""}]",2.7154057889085634,36.20051445630522,,,
0x71c7582943c602125347f54297be0af86bfea6da9444c24455acae69d92700b9,21519263,0x6bd19d4595b75d982b85ae2ca29fdfd8c176a81b,{},"[{""address"":""0x2232f65655c7c41d8b6c8592da3a0e32586273ea"",""amount"":454763330261727}]",4.731132277808097,1226.4723699062786,,,
0xf762df393bc13f34749c4ab0f8794d18de04df5f957cd0d919c44a839d61fb31,21519263,0xced6d598cb63aaa195b8655f8eb0e8dc8e92072d,{},"[{""address"":""0xdac17f958d2ee523a2206206994597c13d831ec7"",""amount"":4007672855889}]",4.692415916653624,4001625.3666880312,,,
0x842ed1fc5559e5d7a5d92f786f86ed59194e5e9ca0ef7ddce14698437904c6f0,21519264,0xbab04a0614a1747f6f27403450038123942cf87b,{},"[{""address"":""0x9d39a5de30e57443bff2a8307a4256c8797a3497"",""amount"":""1.354301765474483090504e+21""}]",6.5214874048046365,1534.179175903714,,,
0x1d7d18ea925869e9d3136634115f573244d5f428fa786b854a2d78534bace1d0,21519265,0xfb46991e74a2807482e75fa91adfe68888888888,{},"[{""address"":""0xabaf9c47094b1a774432ffae5b6d92c78ee69bbb"",""amount"":""424584925750334593""}]",0,0,,,
0x5a1fc5b69fc34fe25af4ba4ab4c97522516e351deca2561efb5a29b4bccea43c,21519265,0x00000000009e50a7ddb7a7b0e2ee6604fd120e49,{},"[{""address"":""0xc02aaa39b223fe8d0a0e5c4f27ead9083c756cc2"",""amount"":""14999599883907172""}]",4.205730468002591,46.21230255471874,,,
0x92f76ffae44e7083e5165864ffbc1d37a231dfbead9df3d2136c5d0439c9d17d,21519265,0xa76199d92d90ddeaa0f6ed792bc3893fde2377af,{},"[{""address"":""0x576e2bed8f7b46d34016198911cdf9886f78bea7"",""amount"":402379680749}]",0,0,,,
0x36f79170b3d368f7978ce88eb4036b5a419e9e3ace1e4bb6f38b56fd8b7929bc,21519265,0xf3de3c0d654fda23dad170f0f320a92172509127,{},"[{""address"":""0xc02aaa39b223fe8d0a0e5c4f27ead9083c756cc2"",""amount"":""255039061983861612""}]",4.730944545490502,852.5297789876723,,,
0xda46d86d688a840aa257b09184636b5ed81f80767e6fce8609426d4913942a55,21519265,0xbe044731cf2039a9d5ed3b70a2105bdd61e68f35,{},"[{""address"":""0x69420e3a3aa9e17dea102bb3a9b3b73dcddb9528"",""amount"":""72097629442720069""}]",3.4964679885618923,191.73670277937978,,,
0xaa55ac3dfcd57227aa4fa5844b90e89435094e63dbf6b9fde132800d07882494,21519265,0x489988d19a52a5a2f450f057f4adec9028a70eda,{},"[{""address"":""0x85bea4ee627b795a79583fcede229e198aa57055"",""amount"":""2.2254394803758766634531e+22""}]",3.643765252844161,-3.1711642484730986,,,
0x157712dfe158dd12ac39408f609ace469e8404a4db77aee6c7dab0a04306d735,21519265,0x1f94599031696a74305dd38341a012729cc0abbb,{},"[{""address"":""0x508e00d5cef397b02d260d035e5ee80775e4c821"",""amount"":""1.4057355295894288084578e+22""}]",3.0265276753575225,18.558028288019855,,,
0x53428f565e42db222df6d105705bfa45265f3ccf8175e459d128c898649d4675,21519266,0x0000e0ca771e21bd00057f54a68c30d400000000,{},"[{""address"":""0xc02aaa39b223fe8d0a0e5c4f27ead9083c756cc2"",""amount"":""1335500529877482""}]",4.4840619002128825,0.004945162533207537,,,
0xff11c1c7ec550c725a70e3d855912b6901f24f59fd3ec65bc0362c8457c9f9cd,21519266,0x70bf6634ee8cb27d04478f184b9b8bb13e5f4710,{},"[{""address"":""0x7fc66500c84a76ad7e9c93437bfc5ac33e2ddae9"",""amount"":""86147404777993567""}]",16.90507000703196,10.762622963366827,,,
0x29066d3f645f17679c646ec1e29040122a67d0008a929292c2b63cef45fa057e,21519266,0x807cf9a772d5a3f9cefbc1192e939d62f0d9bd38,{},"[{""address"":""0xd533a949740bb3306d119cc777fa900ba034cd52"",""amount"":""3.279448717896857215854e+21""}]",5.815436292955791,3042.331343625427,,,
0x371bf51498af1d711eeb6b29fff313059349015a917dc9c61b2bd80b9900da32,21519266,0xad3b67bca8935cb510c8d18bd45f0b94f54a968f,{},"[{""address"":""0xf629cbd94d3791c9250152bd8dfbdf380e2a3b9c"",""amount"":""67614120857674778556""}]",3.814838716257784,10.849338157816208,,,
0xb296330d94e5ab4f24ce213e91e59a4c0b3e426da0009a79c335734bca7c09ff,21519267,0x1f2f10d1c40777ae1da742455c65828ff36df387,{},"[{""address"":""0x9d39a5de30e57443bff2a8307a4256c8797a3497"",""amount"":""5.05229114846948156545013e+23""}]",5.258231047766562,574760.9070443492,,,
0x68200e8fe378d47f3b5256223f19d39d32bc1dffa7a02c65986c28e2128a1fbc,21519267,0xd919950c095084bd271bfa15f160897f513b73ca,{},"[{""address"":""0xb7de5dfcb74d25c2f21841fbd6230355c50d9308"",""amount"":""3.18482542099726677702788e+23""}]",0,0,,,
0x56db6cc0889fe0093869d1365bbf7c5b1acfc62ee92e712dc707f12d035a5b15,21519267,0xc02e1b910adc11ce3a04fc41c723aff661a04d67,{},"[{""address"":""0x26e550ac11b26f78a04489d5f20f24e3559f7dd9"",""amount"":304371913410007}]",7.558659925115886,4605.125429911297,,,
0x45efe376a1a86dd298b663abc7fbf7b6f1fc5c4c0e58199332a2ce97eb5d1a4d,21519267,0x1f2f10d1c40777ae1da742455c65828ff36df387,{},"[{""address"":""0xdac17f958d2ee523a2206206994597c13d831ec7"",""amount"":407432674305}]",2506.211582711984,404312.13292468555,,,
0x192d2200b15e75f4ff22110189a5a32e24da34b1ec27e01ce35d649eb4974d37,21519267,0xd4bc53434c5e12cb41381a556c3c47e1a86e80e3,{},"[{""address"":""0x1f9840a85d5af5bf1d1762f925bdaddc4201f984"",""amount"":""137631061656294318191""}]",2.8507510270348786,1829.4083075934966,,,
0x5015c7469fd89d23ca8407ffea5319407417f873fcab7b234669a23e73a7ba6c,21519267,0x2665be7fdc3f622584d426781a93155126bf2b7c,{},"[{""address"":""0x9d39a5de30e57443bff2a8307a4256c8797a3497"",""amount"":""1.202615994941560048037e+21""}]",2.5428229557536706,1365.5948464673806,,,
0x86f6fdc6f5e3c443f1e63cebe8ceb647b92812d79709f200de303c3b42f8c0cf,21519268,0xb1b2d032aa2f52347fbcfd08e5c3cc55216e8404,{},"[{""address"":""0xc02aaa39b223fe8d0a0e5c4f27ead9083c756cc2"",""amount"":""2049740017476565734""}]",5.401412932706048,6884.373026984378,,,
0x47285261ea0c0ff0d0284e246153e2168da47129a94b08350098ecdbb573cbb5,21519269,0x1f2f10d1c40777ae1da742455c65828ff36df387,{},"[{""address"":""0xc02aaa39b223fe8d0a0e5c4f27ead9083c756cc2"",""amount"":""5280550621282304""}]",2.3016887614954378,15.447783068589981,,,
0x6a377d7244d09750fa37164033a009487a7e7cecc51e0ff54fe987b5f11ef6b7,21519269,0x1f2f10d1c40777ae1da742455c65828ff36df387,{},"[{""address"":""0xc02aaa39b223fe8d0a0e5c4f27ead9083c756cc2"",""amount"":""13290415503441920""}]",59.49076367569461,-14.81779820165309,,,
0xad067f546f61d8f33ba3743549db51a5664986ac3bb86117f1a69f9d468c40b2,21519269,0x00000000009726632680fb29d3f7a9734e3010e2,{},"[{""address"":""0xa0b86991c6218b36c1d19d4a2e9eb0ce3606eb48"",""amount"":14132185}]",3.747140420316948,10.391662737034073,,,
0x2e3cd485fd86f4fe0dfbff172c8f34f86d12788e5870b5ef2549d431025d5789,21519269,0x2b258316694023b9a4faa2c4553eaae176768fa1,{},"[{""address"":""0x6942032c871f5d46aa475f1d130c87603255ca40"",""amount"":""49887871932613764""}]",0,0,,,
0x10d291af6b414caffdac56b422f66b80a441347f680f68ec437d9f4552d1edb1,21519270,0x828ae1566824a9835acb6f565e1e9ea22bfb883a,{},"[{""address"":""0xc02aaa39b223fe8d0a0e5c4f27ead9083c756cc2"",""amount"":""21891697415815169""}]",73.58438436853675,0.0000000001538609240014921,,,
0x42ebf776fc120129c2d135c69c8d5dd74ee1bc882138b0beeb6e1fd1e00ab74c,21519270,0xdb966ba2f88845684abe30b65975117f4454037f,{},"[{""address"":""0xc57d533c50bc22247d49a368880fb49a1caa39f7"",""amount"":1}]",4.4994977572799035,-4.4994977572799035,,,
0xfe10f4b83b02691ea40405c14abbbcc76def2d76e277702d81662bcf80d11164,21519271,0x1f2f10d1c40777ae1da742455c65828ff36df387,{},"[{""address"":""0xc57d533c50bc22247d49a368880fb49a1caa39f7"",""amount"":""6.48905639865231614148608e+23""}]",2.236006425688837,6289.074704469887,,,
0xb8961b07f2f5c91749a01364d2e45297372ff518794cf1b3c64ec569af1bf3a2,21519271,0x1f2f10d1c40777ae1da742455c65828ff36df387,{},"[{""address"":""0xc02aaa39b223fe8d0a0e5c4f27ead9083c756cc2"",""amount"":""2446446646439968768""}]",339.06938222545284,7884.151821219521,,,
0x3fba100c6941659e2e9e26e1c301647d5ec5f18dd48544095c528b8413f65fed,21519274,0x1f2f10d1c40777ae1da742455c65828ff36df387,{},"[{""address"":""0xa0b86991c6218b36c1d19d4a2e9eb0ce3606eb48"",""amount"":183013994514}]",6.3082785164818365,183093.39240286898,,,
0xd1a6753f01f42ac4e7004f716481021bdfea6cccd781d963bdef1787152ec99d,21519274,0x1f2f10d1c40777ae1da742455c65828ff36df387,{},"[{""address"":""0xc02aaa39b223fe8d0a0e5c4f27ead9083c756cc2"",""amount"":""56271354923011014657""}]",145.54776263752007,188998.8996026226,,,
0x7676a0f62db473a2712127e00d81055a6cf3b5e081a64b80a8e9b1b9c14b41f9,21519274,0x8c39ab80154d620e60ed008f3e4ac706a338cedb,{},"[{""address"":""0xdac17f958d2ee523a2206206994597c13d831ec7"",""amount"":936216110}]",4.4507640084124365,930.3537128810384,,,
0xcc0a17439ec68099843ebce45de5693869c5b87e6c9755f4547169dca2308f85,21519274,0xa3179bfe9cfc6b77399948cf08c8f0fa21bd4948,{},"[{""address"":""0x6b175474e89094c44da98b954eedeac495271d0f"",""amount"":""1.978121048690872437108e+21""}]",3.8390517285339585,1974.235445246263,,,
0xc8dea7b82e44daaa8c41068c7438d8c35d5c4e01f4095dda04157c4df051e2ec,21519274,0x0bba6a830e29871a7a647356cdcab119e54ead61,{},"[{""address"":""0xc6bdb96e29c38dc43f014eed44de4106a6a8eb5f"",""amount"":""5.5868651686831941645116155364e+28""}]",2.6265285292050127,103.52390967577567,,,
0xc3e38d4f96efb9b5ea9162bf941c15eb24a630760b56e25d692bb5e661fb8405,21519274,0x81463b0f960f247f704377661ec81c1fd65b5128,{},"[{""address"":""0xc02aaa39b223fe8d0a0e5c4f27ead9083c756cc2"",""amount"":""1208925214998528""}]",4.009105808137179,0.05444467877882708,,,
0x97e35181e939f759250ff4380b44b892bbb1c230a3ad9b68bd25175dac77c140,21519275,0x1f2f10d1c40777ae1da742455c65828ff36df387,{},"[{""address"":""0xc57d533c50bc22247d49a368880fb49a1caa39f7"",""amount"":""6.5907606739380166721536e+22""}]",4.468098132612526,634.5234697247292,,,
0x50e812f4dca100936ff9b28fa3a3fb69fb031d14e238ee1c011a5484016c2c75,21519275,0x1f2f10d1c40777ae1da742455c65828ff36df387,{},"[{""address"":""0xc02aaa39b223fe8d0a0e5c4f27ead9083c756cc2"",""amount"":""124645420738543616""}]",38.52388630796344,380.4457520534766,,,
0xa0858297fc20db5ec9bbc98df146682b3a366c87679540cb05c2db33061bb853,21519276,0x1f2f10d1c40777ae1da742455c65828ff36df387,{},"[{""address"":""0x6e9937554245d3c7c130326b1398a16fb6b149fb"",""amount"":""1.707123044228177854464e+21""}]",0,0,,,
0x547702d63bb34d319d94955cf87cd1ba1a5a152f827e614704429c730bc2fa61,21519276,0xd4bc53434c5e12cb41381a556c3c47e1a86e80e3,{},"[{""address"":""0x6985884c4392d348587b19cb9eaaf157f13271cd"",""amount"":""581222094280738708579""}]",12.583068027481227,2943.1917204427123,,,
0xb2bdea9b4d5f5263d3ee9b499dd39783a122379a6aefe0a9592381fb7c245043,21519277,0x5b93d80da1a359340d1f339fb574bdc56763f995,{},"[{""address"":""0xc02aaa39b223fe8d0a0e5c4f27ead9083c756cc2"",""amount"":""2683332733715377""}]",4.270297158534013,4.749167322285884,,,
0x53ef2267144f16dc75e556c501b14607dae1b9bbcc0c2512b2a071d06d7ca6a4,21519277,0x05c24f7a4656cd27ab7276568ee316390cebb2e4,{},"[{""address"":""0x3f66ae0c8e9fb57f661af4ba8c8445d36ec5d7f7"",""amount"":""2.97744163064865835484425e+23""}]",0,0,,,
0x51aa2e4c6abe9a3497d9af24a493450e90583a8f5ff921cdbdb84962291c532f,21519278,0xa247bc555ea7bfc8ad2fcd34c91f3a53fad52f5b,{},"[{""address"":""0xa0b86991c6218b36c1d19d4a2e9eb0ce3606eb48"",""amount"":154114054}]",3.630437529312151,150.55578868322087,,,
0x4282ae6f1a50e5814bf727e71e804708b47e99e3d5eaa9c2d7a15ee81950f62f,21519279,0xd4bc53434c5e12cb41381a556c3c47e1a86e80e3,{},"[{""address"":""0x514910771af9ca656af840dff83e8264ecf986ca"",""amount"":""2.706938162036836272857e+21""}]",13.62181159624763,55677.79260264014,,,
0xcd8dbc628694c1ab64e6c0631d130236cebd36e72cb49191145f7634cedfc292,21519279,0x42e213a3ad048e899b89ea8cb11d21bc97b84748,{},"[{""address"":""0xc02aaa39b223fe8d0a0e5c4f27ead9083c756cc2"",""amount"":""4650010890789569""}]",15.473743327363586,0.1563004379620434,,,
0x7d3bb751a853883113b62987b1313bbc7b4ab58017e63d314da69d3c29efe407,21519279,0xf180071df6805e1be383f367d26674d416528ff3,{},"[{""address"":""0x1202f5c7b4b9e47a1a484e8b270be34dbbc75055"",""amount"":""4.58715508410917758522e+21""}]",0,0,,,
0xa970bf223c958daf47f5b766a66179a40e627b2db7d3a633b88a7a86ed190f8f,21519279,0x649c3fc0808f8c952e14673dc593313c7f300173,{},"[{""address"":""0x30ae41d5f9988d359c733232c6c693c0e645c77e"",""amount"":60}]",1.6532296605484218,99.84067074145159,,,
0x89223731cd6e20ac0ea85252b3e911c80c4b58036858211a67c4d054cf6b6833,21519280,0x1f2f10d1c40777ae1da742455c65828ff36df387,{},"[{""address"":""0xc57d533c50bc22247d49a368880fb49a1caa39f7"",""amount"":""8.3607009980124976119808e+22""}]",3.28474435226667,807.3071893272677,,,
0x457016770526bc6c031a4ea9acde0f4127e36e6e1d47120cb49e07182caceac9,21519280,0x1f2f10d1c40777ae1da742455c65828ff36df387,{},"[{""address"":""0xc02aaa39b223fe8d0a0e5c4f27ead9083c756cc2"",""amount"":""213061189020680192""}]",49.50736111663411,666.6534796421903,,,
0xe778c8cd132fe64a0f06ec5d90c1e138f86e3e19b824e09afa8fe89318bb4fc1,21519280,0x6719c6ebf80d6499ca9ce170cda72beb3f1d1a54,{},"[{""address"":""0xc02aaa39b223fe8d0a0e5c4f27ead9083c756cc2"",""amount"":""843972652108843868""}]",10.219651674410365,2826.618755592049,,,
0xe5cac447c30bf6bf90ea7c841d6ed9b7154f1c8349b0a6db453f600e90dc4d9d,21519282,0xd4bc53434c5e12cb41381a556c3c47e1a86e80e3,{},"[{""address"":""0x1f9840a85d5af5bf1d1762f925bdaddc4201f984"",""amount"":""867616165835577491457""}]",6.223352654652454,11544.20400093067,,,
0x38f0ad274c76a43faf752182bb4c06541f0bbbd816475c26e19da2b2cc7e154c,21519282,0x0eae044f00b0af300500f090ea00027097d03000,{},"[{""address"":""0xc02aaa39b223fe8d0a0e5c4f27ead9083c756cc2"",""amount"":""1449525747165232""}]",3.6645220493959836,1.2077570482798294,,,
0x4afceb0dd2916a8831ad1fb4637b60b5ffebea32f845825f35d63d540e9213fc,21519283,0x81db6de760d74b11887d49bb64e837cdaecf2e67,{},"[{""address"":""0x386ae941d4262b0ee96354499df2ab8442734ec0"",""amount"":""1.9087341687797057508994e+22""}]",0,0,,,
0x22822c5f925651f72d6f13f872bec3f1192ab0733b0fbeac1c71dc7627891655,21519283,0x22a956c4755d8c4294b358dc346e74250e175622,{},"[{""address"":""0xc02aaa39b223fe8d0a0e5c4f27ead9083c756cc2"",""amount"":765359406566775}]",2.418593004041694,0.15400334074043665,,,
0x028c72a1dc450928d177c4afa76d451757446f45c604f5edb4b1c879759022c2,21519284,0x1f2f10d1c40777ae1da742455c65828ff36df387,{},"[{""address"":""0x26e550ac11b26f78a04489d5f20f24e3559f7dd9"",""amount"":111211595431936}]",3.5107142030461396,1681.8746129351885,,,
0x347de893329e249aa996a0b97396020bea1714d201d7c42fb6a814859b51a0a6,21519284,0x1f2f10d1c40777ae1da742455c65828ff36df387,{},"[{""address"":""0xc02aaa39b223fe8d0a0e5c4f27ead9083c756cc2"",""amount"":""822591223062593537""}]",12.50848350859368,2752.4607003072188,,,
0x78880c343b7f2607baed01b37d6ef3ec5e998013dd194cdbba8660a010cd9729,21519284,0xa9048585166f4f7c4589ade19567bb538035ed36,{},"[{""address"":""0xc02aaa39b223fe8d0a0e5c4f27ead9083c756cc2"",""amount"":""7629422280118056""}]",6.865457135481798,18.779257886281815,,,
0x40bab059ad9af416b8c39dae6ef600d5f69f30edcec89fa54e5c97dd79157efa,21519284,0x0b8a49d816cc709b6eadb09498030ae3416b66dc,{},"[{""address"":""0xc02aaa39b223fe8d0a0e5c4f27ead9083c756cc2"",""amount"":""2943066191345588""}]",5.983268188940985,3.9092362492950583,,,
0xaf88d2869bad3d4822f9a1d996aea341babbb0e0acf01d85c79b673c4b4e2703,21519285,0x1f2f10d1c40777ae1da742455c65828ff36df387,{},"[{""address"":""0xff284f2e8cce4cd2f4537d8a9369482b545908fb"",""amount"":35718939803648}]",4.673782981672241,383.04783618471987,,,
0x976e1344daca89eb221bf3306a2d9c52f183f041c63adb3d8876c5c8d7d26bcc,21519285,0x0000e0ca771e21bd00057f54a68c30d400000000,{},"[{""address"":""0xc02aaa39b223fe8d0a0e5c4f27ead9083c756cc2"",""amount"":""7941370748929607""}]",26.536524703946494,0.1567401673902573,,,
0x59457b1c603a772c49dbfbaf546b6f99d2af72d9069489ccb14a096d9edf566b,21519285,0x1c59c241acbf984fab79f14f99404f656c20704d,{},"[{""address"":""0xdac17f958d2ee523a2206206994597c13d831ec7"",""amount"":19993647963}]",9.187982778314531,19954.313419866903,,,
0xb379e17217cb8ffe54a3e3d19239e699b1df17ff49b768e6a447ba87fe43a243,21519285,0xecb78251bee0f61c4ee40b8b4c914a403bb1e5de,{},"[{""address"":""0x8400d94a5cb0fa0d041a3788e395285d61c9ee5e"",""amount"":3913572765421}]",6.327382213013897,1394.8254878876096,,,
0x27a9dcac58f12945ffdcd8ea710476e766f83329fd179b7b549433f7e405ec6e,21519287,0x9ffe7a53bdd7197a0e94ae724d741d0bcb0321f1,{},"[{""address"":""0xc02aaa39b223fe8d0a0e5c4f27ead9083c756cc2"",""amount"":""135031282075830332""}]",10.768569411439117,443.11098014266724,,,
0x266dc06306b515a53775d5d82b9ce1a8f455013d1c96c4e14111304d3134c274,21519287,0x80eabd6df366b62fbb970029363c3e52eff00953,{},"[{""address"":""0xc02aaa39b223fe8d0a0e5c4f27ead9083c756cc2"",""amount"":589082140451047}]",1.9792237943839406,0.0008532103514515832,,,
0xe584609782d6f4ba2719181b9981b483b2ceb9a09c5a377c1232dc6d7c4ce1a8,21519287,0x29807fd4dc114d0b60ed9643dbd27888bc357cc4,{},"[{""address"":""0x4c27f68ffc3c87e6fcc27ccc7dca57f5cfdbd91c"",""amount"":37286531586}]",0,0,,,
0x68eb7b134bbe6db197f1349911f037c6ab8acabfed651db284861028cc577663,21519288,0x000000d40b595b94918a28b27d1e2c66f43a51d3,{},"[{""address"":""0x26e550ac11b26f78a04489d5f20f24e3559f7dd9"",""amount"":280893011656704}]",3.0629679855457215,4253.803939670836,,,
0xc2b195b43739d1fbf4d145d48ea927a53dba51b35264bb202b6f27691328da65,21519288,0x000000d40b595b94918a28b27d1e2c66f43a51d3,{},"[{""address"":""0xc02aaa39b223fe8d0a0e5c4f27ead9083c756cc2"",""amount"":""1440528539269988352""}]",41.364413429488856,4800.672442567507,,,
0x961fbc7af37e26f988a2ea07385aeab2924b17685c1a77f6f909731b55a6dcfc,21519288,0xe23e3e65f4c53f91ddcf7acb55662e16820332f3,{},"[{""address"":""0xa0b86991c6218b36c1d19d4a2e9eb0ce3606eb48"",""amount"":1406265096}]",3.1528230679263536,1403.7708323609643,,,
0xf8f86ba272f0a401dc73e017f1b666f27ecf71ff2692aa1ac53760dee74de1c9,21519288,0x68715b0de806bff25346f97341a2ac6f21c18bc5,{},"[{""address"":""0xa0b86991c6218b36c1d19d4a2e9eb0ce3606eb48"",""amount"":31376067}]",4.020562159195661,27.3701983753471,,,
0x8d42ad01b82b5ee2ef8df4bff2ed6b4ba37f4c3da8c90437aaf0e323bf3b4b47,21519290,0xc58bf6e2c2168bcba670dc7638302f16b7295942,{},"[{""address"":""0xff284f2e8cce4cd2f4537d8a9369482b545908fb"",""amount"":16284309812321}]",4.067386445592338,172.69538988953937,,,
0x093da5fef88050aca18ac6d618ce78397375a7ab607d1ffcd1d88324ebee880c,21519291,0xd4bc53434c5e12cb41381a556c3c47e1a86e80e3,{},"[{""address"":""0xe0f63a424a4439cbe457d80e4f4b51ad25b2c56c"",""amount"":1095427707905}]",12.14406054601912,9374.917993885165,,,
0x4b6588b505cb54256cd529e1c377d039791bd671aeb82357435e0f3d65d73723,21519291,0x0eae044f00b0af300500f090ea00027097d03000,{},"[{""address"":""0xc02aaa39b223fe8d0a0e5c4f27ead9083c756cc2"",""amount"":""1221538283877282""}]",3.128937614890448,0.9770090778022982,,,
0x882d73093c23955de4ad647d85371231e549ddc7dfb2c556496b13c4bf482cff,21519293,0xd4bc53434c5e12cb41381a556c3c47e1a86e80e3,{},"[{""address"":""0xe0f63a424a4439cbe457d80e4f4b51ad25b2c56c"",""amount"":2122115906562}]",24.768254636056227,18160.305536943226,,,
0xef8638ba07dd5ce85793c77090ef438467f6e0fa5ea3aab6c38caa9253388d84,21519293,0xea8cf32e4ac03acab2babb9028bac5c853e0ce80,{},"[{""address"":""0xc02aaa39b223fe8d0a0e5c4f27ead9083c756cc2"",""amount"":""3961321530614765""}]",12.63358955526881,0.6815682682695883,,,
0x7acd7db5488a1f146d80418c6526743cc09a79ea9c6057f39c8acce4a352203b,21519294,0xd4bc53434c5e12cb41381a556c3c47e1a86e80e3,{},"[{""address"":""0xe0f63a424a4439cbe457d80e4f4b51ad25b2c56c"",""amount"":1631638958338}]",16.82411132093187,13965.199569309352,,,
0x746b7b7ee24ffc3ac3d8f094d0c09ab60e0a2d02f2f10d05def34a175c691ca9,21519294,0x888888888889758f76e7103c6cbf23abbf58f946,{},"[{""address"":""0x9d39a5de30e57443bff2a8307a4256c8797a3497"",""amount"":1}]",20.36911473893404,-20.36911473893404,,,
0x25c3a48b33b97d5b07257486c1a1d917e1fda54904d9fd9d0aa0ef0a55c4eeff,21519294,0x8387e242e84186a96f3330b5fb9bc04a730927f2,"{BalancerV1,BalancerV2,BalancerV2}","[{""address"":""0xc02aaa39b223fe8d0a0e5c4f27ead9083c756cc2"",""amount"":""5300356684015928""}]",13.138781335305888,4.677264452263907,0xc02aaa39b223fe8d0a0e5c4f27ead9083c756cc2,31606295511354399285895,0
0x9e7972b6547d1c42b3d25ed577c72bbfc61d2875ea7ceec6543afb0b25fbd992,21519295,0x00000000009e50a7ddb7a7b0e2ee6604fd120e49,{},"[{""address"":""0xc02aaa39b223fe8d0a0e5c4f27ead9083c756cc2"",""amount"":""2014462230014395""}]",2.0494869605941797,4.721708539417678,,,
0x6e1700f06f18de11b8109ee086a4da87f4fdbfc912cfdd3a3e54fcae51c2249c,21519295,0xb3b3936a888fa715f32690ff1195b66be44ae146,{},"[{""address"":""0xa2b4c0af19cc16a6cfacce81f192b024d625817d"",""amount"":""15145486176062334781""}]",5.002347550583321,1.0558469198416134,,,
0xea5971a32a41db733f61482d7d6aadba1c285014703a1ac16bdc8706a74927bc,21519295,0x3a7373b74b9818a38c444ea24c313dcf1fdf4f09,{},"[{""address"":""0xc118635bcde024c5b01c6be2b0569a2608a8032c"",""amount"":271884}]",0,0,,,
0xcac8190c82c022dbd16a8716b1a72afbab2887be2d51eabe4b11df95f4e319aa,21519296,0xd4bc53434c5e12cb41381a556c3c47e1a86e80e3,"{BalancerV1,BalancerV2,BalancerV2}","[{""address"":""0x1f9840a85d5af5bf1d1762f925bdaddc4201f984"",""amount"":""1.348905449107243397772e+21""}]",16.764236844264364,17940.985987603788,,,
0x6a1096eb5e3964e8fd3d001ab14c0ffcf9503b856798af1d034cc90e7978c386,21519298,0xea8cf32e4ac03acab2babb9028bac5c853e0ce80,{},"[{""address"":""0xc02aaa39b223fe8d0a0e5c4f27ead9083c756cc2"",""amount"":""2363600960533578""}]",7.312913573658244,0.6318390999494925,,,
0x1545a011dcf06ea13b37770fdbfa6e1320addcf583e21e21b8780213d1f7a1b6,21519298,0xad3b67bca8935cb510c8d18bd45f0b94f54a968f,{},"[{""address"":""0x7fd4d7737597e7b4ee22acbf8d94362343ae0a79"",""amount"":15}]",3.8210229542689924,0.20159683608100698,,,
0x6848d1ad5d3aa5cc4b7dd166e42f60b013d2fa80a2452e5bfe0317675016c08f,21519299,0x1f2f10d1c40777ae1da742455c65828ff36df387,{},"[{""address"":""0xf477ac7719e2e659001455cdda0cc8f3ad10b604"",""amount"":""1.8624372235462531612672e+22""}]",5.451228095077225,699.446623409696,,,
0x221243fd861baf9b6e5db5f0412a4063655ee2366e201cfb498a18a58c1d2492,21519299,0x1f2f10d1c40777ae1da742455c65828ff36df387,{},"[{""address"":""0xc02aaa39b223fe8d0a0e5c4f27ead9083c756cc2"",""amount"":""789978706532630528""}]",17.912362875628965,2637.436634529357,,,
0x2479979a2733a8c1d7c4e351de8fb74979a5d7957ccf273be6c6e7c8c4d45e4f,21519300,0x1f2f10d1c40777ae1da742455c65828ff36df387,{},"[{""address"":""0xc02aaa39b223fe8d0a0e5c4f27ead9083c756cc2"",""amount"":""634216984640225281""}]",3.851114656348822,2127.9372745438277,,,
0x3480b94c4475b6ed831da1dc76c7289e8e7ecfa23c61ef6d002fddbe1c9d3547,21519300,0xdae66ad34d67bb6fa124549a141989169789b5b3,{},"[{""address"":""0xc02aaa39b223fe8d0a0e5c4f27ead9083c756cc2"",""amount"":641153351258397}]",1.9870389484765791,0.16806459338896218,,,
0x5f577b7d55cefaa7b19cb18ca4f8dd257234e7d964e41bb1bcd28d6b3421b180,21519301,0x1f2f10d1c40777ae1da742455c65828ff36df387,{},"[{""address"":""0x27f989cf10c238a07cb8533ce69aa51574669404"",""amount"":5704557330432}]",0,0,,,
0xb152af43b06d99e3d56c9a8997ba5a1366ea057cb03474e34c912c33dba75d6d,21519301,0x1f2f10d1c40777ae1da742455c65828ff36df387,{},"[{""address"":""0xc02aaa39b223fe8d0a0e5c4f27ead9083c756cc2"",""amount"":""377140626468110336""}]",71.78860048147715,1195.8911180875193,,,
0xafdb7056347cd445a467eb37c578f047b5ef77b9c8c79b647b0631d72f242387,21519301,0x3b26eae985b4942bcdbcda27fbb91843acc431d0,{},"[{""address"":""0xc02aaa39b223fe8d0a0e5c4f27ead9083c756cc2"",""amount"":880254420411748}]",2.697691951696727,0.2611000681044988,,,
0x02a32d5d194ac324b6ab8a8cb72615c4bee2446bdd657b03d973dd04f83f5dd6,21519301,0x76010aec7d4ec4402a1087630c04b26aaaf7fca0,{},"[{""address"":""0xa0b86991c6218b36c1d19d4a2e9eb0ce3606eb48"",""amount"":982208383}]",3.494399243072563,979.1739557732991,,,
0x8c0f3671984ed7a0cfddc779fe6accdb0eff0c490bf9b4ecdd94f54a7cb338a1,21519302,0xd4bc53434c5e12cb41381a556c3c47e1a86e80e3,{},"[{""address"":""0xe0f63a424a4439cbe457d80e4f4b51ad25b2c56c"",""amount"":46370067201}]",3.2846198982233674,394.0749640732278,,,
0x9e7a3b8ce8657e22916f824b94ad7fc4520947a9463d16e1f12febbcb5fbd3b6,21519302,0xa9048585166f4f7c4589ade19567bb538035ed36,{},"[{""address"":""0xc02aaa39b223fe8d0a0e5c4f27ead9083c756cc2"",""amount"":829599211349966}]",2.6643787210936893,0.12414635672131391,,,
0xf04c996d2c151048c36879fa8087577ac85b81317dae5cace4dd2066df191fd3,21519302,0x81463b0f960f247f704377661ec81c1fd65b5128,{},"[{""address"":""0xc02aaa39b223fe8d0a0e5c4f27ead9083c756cc2"",""amount"":811087393980416}]",2.705037048196724,0.021264408543565594,,,
0x319c4866bf4abf686e1dbcb3315e41df26358f7fa9f8e7a7a68c9e122fe6a184,21519302,0x2f0e97091ab02e5ad593212ba9df46d85db90aff,{},"[{""address"":""0x3f66ae0c8e9fb57f661af4ba8c8445d36ec5d7f7"",""amount"":""2.904781577220528310609e+22""}]",0,0,,,
0x2e57c2c4dc97f4d42e17e35153365690583248bce8ee2781105315217755cf89,21519302,0xd9a1a038c2ee2180d544a4fe0d51ffabdfa393ac,{},"[{""address"":""0xfd032b20de66d541d57c70e4d4b8054332933d44"",""amount"":""1.380777999937370005057582e+24""}]",0,0,,,
0x1db21a7e092724f32375ae17c599a7cfd4ba883627e782902283a38469cab0bb,21519304,0xd4bc53434c5e12cb41381a556c3c47e1a86e80e3,{},"[{""address"":""0xa0b86991c6218b36c1d19d4a2e9eb0ce3606eb48"",""amount"":52786707726}]",8.829411928694341,52802.59853516755,,,
0x0cc2ec2dda4900bc02be2335117d049ac15082c598afb113e316acee06444ad8,21519304,0xea90cf785c731df1dfba34ac08b5d9ea27242d52,{},"[{""address"":""0xdac17f958d2ee523a2206206994597c13d831ec7"",""amount"":19984676390}]",3.188474323253092,19951.35488272164,,,
0x476a86d9ecf516ddab943bebfe7fce49b076e6561af787e30e2f252e9f58ea0d,21519304,0x5fc43e7ff03e67086010d9e9fcd4e48f840aebe8,{},"[{""address"":""0xc02aaa39b223fe8d0a0e5c4f27ead9083c756cc2"",""amount"":""669845472749760822""}]",3.664890434354933,2247.881245903026,,,
0x9a069361fe56d84dfc829d57edb04a4c9601cafbb619c7e25b62419b9e727cfa,21519307,0x6ed4c081a76929a8f8871c0a687eaae0dded6a71,{},"[{""address"":""0x6bfdb6f4e65ead27118592a41eb927cea6956198"",""amount"":""4.96057470320041038381981e+23""}]",3.835892736100207,1665.3781486494954,,,
0xf2147bff9bebde66adf80096c95c9f243db9d00fd5b302c81327a3e6924949d7,21519307,0x153ec9f476dc16948e6231f3cb939418bedb5b8d,{},"[{""address"":""0xec21890967a8ceb3e55a3f79dac4e90673ba3c2e"",""amount"":""1153751316604382667""}]",4.875707253832615,195.87702183532997,,,
0xd69688843d34032dcf1c85bc58a011417214daf62115bb974dd5d66cdc787687,21519307,0xa72143b8a05a6926aa4bbbbf21c8de924f306789,{},"[{""address"":""0x3ffeea07a27fab7ad1df5297fa75e77a43cb5790"",""amount"":""5.22294733803610461573e+26""}]",4.5305023149443215,45.714251076963,,,
0x215b0a24035884b85ee29e116edea9b5ed76caf034a2b6e051f933269ccc3aba,21519307,0x33b41fe18d3a39046ad672f8a0c8c415454f629c,{},"[{""address"":""0xe28b3b32b6c345a34ff64674606124dd5aceca30"",""amount"":""6704058444704424""}]",3.5842581040366963,-3.4500581348143564,,,
0xd2e5ffc0517e202049df510a5f1820934b40106f537d656798f318ef239202f7,21519307,0x2b258316694023b9a4faa2c4553eaae176768fa1,{UniswapV2},"[{""address"":""0x614a48c41be6ba6762b63a92cc33cfb5e8149332"",""amount"":""7092865841406483910""}]",5.530299697184436,12.201864906331775,,,
0x1c54b58ce1323e442842770c4ff7bc33480a807b8e99e5d46f68f7effc248224,21519308,0x9d6b911199b891c55a93e4bc635bf59e33d002d8,{},"[{""address"":""0xc02aaa39b223fe8d0a0e5c4f27ead9083c756cc2"",""amount"":""11729328473608772""}]",3.696056391899094,35.72963995292299,,,
0xf3ee5d0f94edd40411e3d66b51fcd83b0be7d4ec644cb169a131d2be10af327e,21519308,0xea8cf32e4ac03acab2babb9028bac5c853e0ce80,{},"[{""address"":""0xc02aaa39b223fe8d0a0e5c4f27ead9083c756cc2"",""amount"":""1315836666580276""}]",4.31214709812801,0.11076398094210926,,,
0x36b0545c4e1111ca2090fbf6f05d3a5f2df2c46a2c9dedda270693e5960d2f18,21519308,0x0190b7875e75c35f3b08536d670e001eb243106a,{},"[{""address"":""0xdac17f958d2ee523a2206206994597c13d831ec7"",""amount"":83455022}]",3.759641902195036,79.5695460397937,,,
0x41a3fe7b3f2a3e85c56ac1d6b36ca2bed3da359bdc7b4234cbe5a31f9f43af8a,21519309,0x80eabd6df366b62fbb970029363c3e52eff00953,{},"[{""address"":""0x65086e9928d297ebae6a7d24d8c3aea6f8f6b5d7"",""amount"":""5.96621595252292068570196542e+28""}]",3.4721185803776704,247.10895142558505,,,
0x4869b1131a24f01a480a4528171c15e5b19eef97e9c73d1469f117f030e71a9e,21519310,0x42e213a3ad048e899b89ea8cb11d21bc97b84748,{},"[{""address"":""0xc02aaa39b223fe8d0a0e5c4f27ead9083c756cc2"",""amount"":""6022806869377024""}]",20.04196759840484,0.2024441179045695,,,
0x764cd19299d8288de1993b1c192ae214418773aec6de499769250978c6d60ca8,21519311,0x3de52325ce521b022d4e65c933d0cc46856b2493,{},"[{""address"":""0x8236a87084f8b84306f72007f36f2618a5634494"",""amount"":1044298}]",4.542047970006056,964.2508927002734,,,
0xe019bd50e35b1f222898e7a2909b74bc9592eb22a3c5efa06238cbbc7bae6e26,21519314,0x0c872da1aeb765365acc20147a80b2315bc58c2f,{},"[{""address"":""0xc02aaa39b223fe8d0a0e5c4f27ead9083c756cc2"",""amount"":""5648800223875246""}]",2.7228375699607286,16.26442865249742,,,
0x7a357c1e85931ef0453f0ed65a9a8da515854b01506d73ac6ed07350a4501304,21519314,0x18b19edb120300ea1b05964c785692bca89a4bfc,{},"[{""address"":""0x62d0a8458ed7719fdaf978fe5929c6d342b0bfce"",""amount"":""176539020020262769731""}]",4.448593947119941,0.10260456834309384,,,
0xa0b6a6c25f6fdda541f6ead90b4f69cede44ee7387b55b8c444bc0da06b2131d,21519314,0xadd83db3500e09880deb0a4194c3d229adf14246,{},"[{""address"":""0xdac17f958d2ee523a2206206994597c13d831ec7"",""amount"":21495612536}]",3.6585190245355337,21459.542784073958,,,
0x6b6d523156bb3be122394310e5732e55a28399d0b537b97ba05dfc307cdd7438,21519314,0xad3b67bca8935cb510c8d18bd45f0b94f54a968f,{},"[{""address"":""0xa0b86991c6218b36c1d19d4a2e9eb0ce3606eb48"",""amount"":10344997}]",2.9381104297664384,7.411731172674149,,,
0x0ea06bfcfec519655698278695de0dfa7f083781f5c46929908ba13bab1f688d,21519314,0x8eeedbf69fec72cc68fb55052222bf689ed4a5f6,{},"[{""address"":""0xc02aaa39b223fe8d0a0e5c4f27ead9083c756cc2"",""amount"":915497450831667}]",3.0390251029928663,0.03822902815031837,,,
0xb93338abc30d358bddda50a8bdb789bc3fdddaf2bc2d970b25d87ec286d17ff0,21519314,0xefe9e1448854cd3289d56abe14ccf2598b60d07f,{},"[{""address"":""0xa9e8acf069c58aec8825542845fd754e41a9489a"",""amount"":""1.116462613286134359383e+21""}]",2.9977926306975453,2041.4829171537388,,,
0x51512ba0e1b864c72c22f4544d18d0939be59509a886e1281737420318848f41,21519314,0x0eae044f00b0af300500f090ea00027097d03000,{},"[{""address"":""0xc02aaa39b223fe8d0a0e5c4f27ead9083c756cc2"",""amount"":""1549491584659583""}]",4.803011297696444,0.40528215602506634,,,
0x096a32bf27c00856ae5f27f60bbf401d8cff74a967fb5bf512ad967a4186d750,21519314,0xbae30f064b2e96644f900a9f6c7a5cdc11247344,{},"[{""address"":""0xc02aaa39b223fe8d0a0e5c4f27ead9083c756cc2"",""amount"":""1066986675971595""}]",3.408181779351394,0.17827185143216528,,,
0x3a7b4eee453a04b04964a81c4a1d5e19b796d86315e04e84bf7ed9db56db198b,21519315,0x42e213a3ad048e899b89ea8cb11d21bc97b84748,{},"[{""address"":""0xc02aaa39b223fe8d0a0e5c4f27ead9083c756cc2"",""amount"":""2681643345117184""}]",8.923648092821711,0.09013785985135847,,,
0xadd1ec4024c15684a774f638b53d9d2e65397f0e4388e108727808d17404cd80,21519315,0x968d14cd4a8fcadc6557025ffb5a7227cea95ea1,{},"[{""address"":""0xa0b86991c6218b36c1d19d4a2e9eb0ce3606eb48"",""amount"":391907211}]",3.5331693564353124,388.5575733189141,,,
0x0f3f1f239cbe414b5b2be12b34e247e5c29fdc34b8c5c2da0cdcfee81aa41d86,21519316,0x828ae1566824a9835acb6f565e1e9ea22bfb883a,{},"[{""address"":""0xc02aaa39b223fe8d0a0e5c4f27ead9083c756cc2"",""amount"":807329415036928}]",2.7136697921770803,0.0000000005229736643741489,,,
0x669114b572529350235b37a805aa3a4dece939a0f20adcb94c3f8ae07cf14564,21519316,0x0ceddac999472007b5929aa05734c2da0ad806b4,{},"[{""address"":""0xdac17f958d2ee523a2206206994597c13d831ec7"",""amount"":926578379}]",5.683542912125538,919.4977348146275,,,
0xe4bd9e7d19361d0ca82723a63bfd6f5ca8ff43e100b7b47c05b07bab297566e8,21519316,0x1f2f10d1c40777ae1da742455c65828ff36df387,{},"[{""address"":""0x960692640ac4986ffce41620b7e3aa03cf1a0e8f"",""amount"":""7.817820090359333158715e+21""}]",0,0,,,
0x5cdc6f3d68f95ea75238378d5eeb27571945a9c0d8ab883ced4da90df76d3690,21519316,0x1f2f10d1c40777ae1da742455c65828ff36df387,{},"[{""address"":""0xc02aaa39b223fe8d0a0e5c4f27ead9083c756cc2"",""amount"":""609930792491024386""}]",3.0557537859199595,2047.0996553846844,,,
0x21867df7ded39dc0bbb64aadb28531205f0cd13d084d630472572efaa14070b6,21519317,0x00000000009e50a7ddb7a7b0e2ee6604fd120e49,{},"[{""address"":""0xc02aaa39b223fe8d0a0e5c4f27ead9083c756cc2"",""amount"":""15052632330600448""}]",47.428975648248176,3.167314905964105,,,
0x7bef0d0d76225d4298924b7f11c493e1003690b4dd19e9fb02bec609fa0c9947,21519317,0xea8cf32e4ac03acab2babb9028bac5c853e0ce80,{},"[{""address"":""0xc02aaa39b223fe8d0a0e5c4f27ead9083c756cc2"",""amount"":""1304759340367872""}]",4.352690858148899,0.03298609447097878,,,
0xfd4b531db395492ef54fbe4b3d9ece060c4c41e47024cf463e139f4d6f48b751,21519317,0xad3b67bca8935cb510c8d18bd45f0b94f54a968f,{},"[{""address"":""0xd46ba6d942050d489dbd938a2c909a5d5039a161"",""amount"":2958884931}]",5.296298200622589,-1.656178747982318,,,
0xa342ecf28087cc11ed82cab34ebd3e2d1b4bbed1705574247969a2deb94a41c8,21519318,0x1f2f10d1c40777ae1da742455c65828ff36df387,{},"[{""address"":""0xdac17f958d2ee523a2206206994597c13d831ec7"",""amount"":117343384065}]",5.715589905403746,117160.73731093205,,,
0xfb57d00faac9c3f0f936fc811b75ce9c67ec83c5a6c296e428dd616e531bb07b,21519318,0x1f2f10d1c40777ae1da742455c65828ff36df387,{},"[{""address"":""0xc02aaa39b223fe8d0a0e5c4f27ead9083c756cc2"",""amount"":""150980203526997290645""}]",6.256522817928341,507482.27291244135,,,
0x0a263ef08e3c98dfb1008a8deee1d2cb6566bea4b754edd12e6505761e41b94b,21519318,0x6719c6ebf80d6499ca9ce170cda72beb3f1d1a54,{},"[{""address"":""0x607f4c5bb672230e8672085532f7e901544a7375"",""amount"":375788843948}]",4.292635265979017,863.2165498290137,,,
0x5c34cb4c399fff4835c25681b7d65575c7678ecb4577bec895a11aff0ce9f39d,21519319,0x1f2f10d1c40777ae1da742455c65828ff36df387,{},"[{""address"":""0xc02aaa39b223fe8d0a0e5c4f27ead9083c756cc2"",""amount"":""4636753270941540""}]",15.583941689582776,0.001539346038457623,,,
0x96d41bc7f08a9238a880b8808562fa3d3055d7e875964e58d2a46db3bc872e33,21519319,0x0b8a49d816cc709b6eadb09498030ae3416b66dc,{},"[{""address"":""0xc02aaa39b223fe8d0a0e5c4f27ead9083c756cc2"",""amount"":""2466977683708316""}]",7.029783075995315,1.2624489359377442,,,
0xc8b8496b88c946f8ccbd4331b255a74d258576cd46c7522235d9784e9d1836c0,21519320,0x5337c6b2cceb7162f6dcf3d4169c7db05fd661c3,{},"[{""address"":""0xa0b86991c6218b36c1d19d4a2e9eb0ce3606eb48"",""amount"":279006985}]",3.463833726949471,275.67381133225325,,,
0x28773748bba9d474ef09baac63a9db2e62f8951f65be190e56ddc2e3a81d82b9,21519321,0xad3b67bca8935cb510c8d18bd45f0b94f54a968f,{},"[{""address"":""0x6f40d4a6237c257fff2db00fa0510deeecd303eb"",""amount"":""1501184839577424875""}]",9.024435313912065,0.49713943690698237,,,
0xff53ca32b12f76b892416f7b3f3fb335289aa4ca9c6de8e31648777b46afeb58,21519322,0xfcfcfcfc0ac30164afdab927f441f2401161f358,{},"[{""address"":""0xc02aaa39b223fe8d0a0e5c4f27ead9083c756cc2"",""amount"":""14051805912804824""}]",5.266568905388967,41.96565195543309,,,
0x6ffa2ee846c0424c1a18299f435fc8092e6ef78bfd6cac92ff8d5e2694ee666e,21519322,0xad3b67bca8935cb510c8d18bd45f0b94f54a968f,{},"[{""address"":""0x72e4f9f808c49a2a61de9c5896298920dc4eeea9"",""amount"":4052787538}]",6.201736737061888,0.5017283389982721,,,
0xe124775f607169a1185c1e82f772b35ac4c879f9aa052832c9b173976ef54a86,21519322,0x06ba2abd83b39fb0ea04b025cebd88a8f5a0ad65,{},"[{""address"":""0x6019dcb2d0b3e0d1d8b0ce8d16191b3a4f93703d"",""amount"":""70526806725972997018""}]",3.3840844240600445,181.04481936722738,,,
0x30a5d25a0c3861e1c98bc3dd7e91551976f5def8cd97f99f11019990752d9c1a,21519323,0x0eae044f00b0af300500f090ea00027097d03000,{},"[{""address"":""0xa0b86991c6218b36c1d19d4a2e9eb0ce3606eb48"",""amount"":3375988}]",3.1954432704182474,0.18212571792850563,,,
0xf1eeca8af41fab2affdb2279270975c57e7b6c3d45a146d7fbab9d4f27c37dd2,21519323,0x1409262a7a05c7b1ca7675c12721b18328686022,{},"[{""address"":""0xc02aaa39b223fe8d0a0e5c4f27ead9083c756cc2"",""amount"":""1115792838324931""}]",3.162580137815555,0.5879252493007083,,,
0x06ce9f062e771420143dc475cbca9554225ad12ff00c5397cfd96984aa66d370,21519324,0xd4bc53434c5e12cb41381a556c3c47e1a86e80e3,{},"[{""address"":""0xdac17f958d2ee523a2206206994597c13d831ec7"",""amount"":5027446529}]",6.4258368240808075,5013.440273610112,,,
0x40fb59a0c8d4cecc22ee47ac1a7d64f77399b51dcbc2f3b9e88bd818ce142987,21519324,0x00000000009e50a7ddb7a7b0e2ee6604fd120e49,"{BalancerV1,BalancerV2,BalancerV2}","[{""address"":""0xc02aaa39b223fe8d0a0e5c4f27ead9083c756cc2"",""amount"":""3036275833225311""}]",9.042347380535958,1.163461868408394,,,
0x43f97327ad1322e89c3929c728b3b236633dc068a6bcc4fb57c0a060f1903897,21519325,0x0b8a49d816cc709b6eadb09498030ae3416b66dc,{},"[{""address"":""0xc02aaa39b223fe8d0a0e5c4f27ead9083c756cc2"",""amount"":""1100617915278739""}]",3.0814462763285633,0.6180517654463746,,,
0xee49003d70035ba4272029e41c36d060ee164d6367e086042f0a6e88a444a040,21519326,0x0b8a49d816cc709b6eadb09498030ae3416b66dc,{},"[{""address"":""0xc02aaa39b223fe8d0a0e5c4f27ead9083c756cc2"",""amount"":""2005989732009101""}]",5.975694758346556,0.7670222030694713,,,
0xe521ec2c5b66942435681e608874445e5963d34932e093f9d9f5a554786b943f,21519326,0xa9df40bf6af0bee2e57beb929d8bb56d9686230d,{},"[{""address"":""0xdac17f958d2ee523a2206206994597c13d831ec7"",""amount"":560000053490}]",4.388189903443965,559151.293355444,,,
0xf8feda84c7dda7299d2c12b19a709f8148a2bfd5f080b2145854aea6fe13062a,21519327,0x507888e987257a8dde6f8afa46375cefe2cbf504,{},"[{""address"":""0xc02aaa39b223fe8d0a0e5c4f27ead9083c756cc2"",""amount"":""15358683878560349""}]",51.31526853498123,0.3097505967348013,,,
0xb95f89ad66bc3e8198e886d11b404bbd661010bfc09cf8a6d3b13a8d044684f2,21519327,0x828ae1566824a9835acb6f565e1e9ea22bfb883a,{},"[{""address"":""0xc02aaa39b223fe8d0a0e5c4f27ead9083c756cc2"",""amount"":752579446831907}]",2.5296391699997898,0.0000000001291073914444496,,,
0xa9f6401d5d4ea5256ff552e00af0d0508ed5deb183e4df71b37dd051b6907af5,21519327,0x9d6b911199b891c55a93e4bc635bf59e33d002d8,{},"[{""address"":""0xc02aaa39b223fe8d0a0e5c4f27ead9083c756cc2"",""amount"":""1690610261520760""}]",3.7957312555297182,1.8869032582985392,,,
0x6a0dba03a2c25997645958295b6cd66c0596f343e6ccdd707d5c34bdbe325152,21519328,0x3face000cb537ad065b90ef47f23d62b48b2264c,{},"[{""address"":""0xa0b86991c6218b36c1d19d4a2e9eb0ce3606eb48"",""amount"":92249}]",26.801821986298158,-26.709529785731686,,,
0x838d50d441c9bf0e956283bce4a713f8d898d198f8ff4c44d225bd06ab3d17d8,21519328,0x00000000009e50a7ddb7a7b0e2ee6604fd120e49,{},"[{""address"":""0xc02aaa39b223fe8d0a0e5c4f27ead9083c756cc2"",""amount"":""2641774489108480""}]",8.862019378883387,0.017755712541204005,,,
0xa3c4cad9e213b802e50d4d3d77f3b9fee80eca6f79fa592d7fb722f3fcaa191b,21519329,0x1b634637510d9d0b02cc5efc00b0ffd3ea5573e7,{},"[{""address"":""0xaca98ab4e400e932bf4b20032becb7c48bfa781a"",""amount"":""139176440225344794117""}]",0,0,,,
0x287ca9ae7b23186e875d99657bbe24b9fbbfed5479a51373a69886cc253fb56c,21519329,0xad3b67bca8935cb510c8d18bd45f0b94f54a968f,{},"[{""address"":""0xc02aaa39b223fe8d0a0e5c4f27ead9083c756cc2"",""amount"":763501865418959}]",2.699274026960159,-0.13292142012147368,,,
0xa6d0600c633c8a75fce99bfd0f2bc6bc9c3b7cf94c3f156df762197c6b044900,21519330,0x99f73da41bc467437fd5f940d0ac5f28507e4d60,{},"[{""address"":""0xdac17f958d2ee523a2206206994597c13d831ec7"",""amount"":4973466273}]",4.345491899115237,4961.621754337538,,,
0xba73f138ee147ea96f6c729f5ba89bb917a39c446a82180d0d0f61908cfae826,21519332,0x828ae1566824a9835acb6f565e1e9ea22bfb883a,{},"[{""address"":""0xc02aaa39b223fe8d0a0e5c4f27ead9083c756cc2"",""amount"":""7463094087319552""}]",25.085662674991045,-0.000025254098751759102,,,
0x6fcf171dbe5d25d20a4709b03d04d838f06fcaf5a73579ee5495d8530af49f1f,21519332,0xc9632e9cbdee643bc490572dd0750ea394e8e3a9,{},"[{""address"":""0xc02aaa39b223fe8d0a0e5c4f27ead9083c756cc2"",""amount"":""6988119563136142""}]",13.305761258872591,10.183348159234564,,,
0xc7fdd5afa93d60d23786904ef9303750f0c888217da587029fa1a9a73edcea12,21519332,0xa9048585166f4f7c4589ade19567bb538035ed36,{},"[{""address"":""0xc02aaa39b223fe8d0a0e5c4f27ead9083c756cc2"",""amount"":""1089463145611196""}]",3.49305442275626,0.16894918251291324,,,
0x6c662bd101c529eca65335d18412e7834e226ff40ee3a5fef9a9305d46cb850a,21519332,0xad3b67bca8935cb510c8d18bd45f0b94f54a968f,{},"[{""address"":""0xc02aaa39b223fe8d0a0e5c4f27ead9083c756cc2"",""amount"":""1450912130785525""}]",4.746260562334698,0.13067857532158733,,,
0x14063ed3906e21eb4c707e5b58dace7a8019693e1c6a68090fccc92241760d30,21519332,0x63ec1a25b2561f6445087fd8f2a921644490f3a9,{},"[{""address"":""0x44ff8620b8ca30902395a7bd3f2407e1a091bf73"",""amount"":""29892448257460306608""}]",4.007833290068692,100.6120110448712,,,
0xdaa989aac0752b6edeca939becb341d277d0ceed181f80d38b6d658b7821a464,21519332,0xa1579891a1a970110cc5deeb8aa482676ed0ffaf,{},"[{""address"":""0xa0b86991c6218b36c1d19d4a2e9eb0ce3606eb48"",""amount"":7590941}]",3.5821030355618624,4.0123928317131075,,,
0xd8b2464d2063f8a1c7e36c33274dca8c2cab05118fcdf6c892409205f270fda6,21519333,0xd4bc53434c5e12cb41381a556c3c47e1a86e80e3,{},"[{""address"":""0xa0b86991c6218b36c1d19d4a2e9eb0ce3606eb48"",""amount"":46810521709}]",11.93911856733801,46820.50414031002,,,
0x1c346d09a54ae5d283bcd9cadb0b68cbe7992229322f30e55ccebdf4ed41aefa,21519333,0xedbe02927252bceb086751f1059006d0747385c9,{},"[{""address"":""0x6982508145454ce325ddbe47a25d4ec3d2311933"",""amount"":""2.73769293565888609911236e+23""}]",8.561227178920333,-3.5481281367179216,,,
0x4f3d61e1d35d84206b7dc028096f1d50efb0c28589da964fabdb5d980857d02b,21519333,0x0ae674af7d95848e2f759c789a6c9166bbe14c0b,{},"[{""address"":""0xc02aaa39b223fe8d0a0e5c4f27ead9083c756cc2"",""amount"":""1295649127530496""}]",4.333279592981064,0.021775275367642344,,,
0x9ae6d61cec2cb97cf0b45bbc8e9763c9da253a5ca1837fecb93f2fb3f48a9d12,21519333,0x45312ea0eff7e09c83cbe249fa1d7598c4c8cd4e,{},"[{""address"":""0xc02aaa39b223fe8d0a0e5c4f27ead9083c756cc2"",""amount"":1}]",3.244040894733037,-3.2440408947330335,,,
0x32c51c5f53c0781ae29ac16dea9f52378545aa0adc7bd337966a5e832bea0b59,21519334,0xad3b67bca8935cb510c8d18bd45f0b94f54a968f,{},"[{""address"":""0xc57d533c50bc22247d49a368880fb49a1caa39f7"",""amount"":""99961987976975047083""}]",4.8453030555177605,-3.876145312070547,,,
0xd70d2b288f2382c77a9e09163fa2665632022c90a689edffd77660524f0b7cf6,21519334,0x35d2e1bb1fe3bd9c1b7c1e0f0f15baced39d43ac,{},"[{""address"":""0x65086e9928d297ebae6a7d24d8c3aea6f8f6b5d7"",""amount"":""6.5832238340011549111459506283e+28""}]",3.5181121975778846,272.9772888304707,,,
0x4e05fea91c05304e45826a4c9183ea19142a24d264e24912bd6621b5b761ad0e,21519334,0x81463b0f960f247f704377661ec81c1fd65b5128,{},"[{""address"":""0xc02aaa39b223fe8d0a0e5c4f27ead9083c756cc2"",""amount"":""1102170212532224""}]",3.6313625778586283,0.07335318804182123,,,
0xd58cfa6982ef8d6cd7a80b13cffda3361b7b2ae6a34f861e15c2bcfc90918df2,21519334,0x9c434a2d262d17c57b3d5361781ea090e251f77e,{},"[{""address"":""0xc02aaa39b223fe8d0a0e5c4f27ead9083c756cc2"",""amount"":""4935725805293934""}]",3.902256539130513,12.68815844316472,,,
0x60fb7b5257b3f3289ec67db7c005ac04163922172b2cdc7dfd2cc064580994d4,21519335,0x2b258316694023b9a4faa2c4553eaae176768fa1,{},"[{""address"":""0xdb8fe55afc013909de527299bf7c052250e73ef6"",""amount"":683305743814207}]",0,0,,,
0xc031917ef11f5eb12f163a3f115fd4f88d5e7cfff625e5e53eb51554f0f0a378,21519335,0x81463b0f960f247f704377661ec81c1fd65b5128,{},"[{""address"":""0xa0b86991c6218b36c1d19d4a2e9eb0ce3606eb48"",""amount"":175906}]",10.031976157716379,-9.855987780250546,,,
0xcce4ccea7d43fcbe403c2339ee78e1bcf23d41082bfc197904f990c276b224ff,21519335,0x0eae044f00b0af300500f090ea00027097d03000,{},"[{""address"":""0xc02aaa39b223fe8d0a0e5c4f27ead9083c756cc2"",""amount"":665993207394063}]",2.004533696145697,0.23406385200139246,,,
0x70ddccc11a428414da7cb233a5a9da21657b4fb37cf28cb21105b8d4e7e34503,21519335,0x13fa11697914503540d5953af1cc30d0d4916cde,{},"[{""address"":""0xa0b86991c6218b36c1d19d4a2e9eb0ce3606eb48"",""amount"":104669819}]",3.5870878983778285,101.13174838607216,,,
0x89231c5266782dd065344fff2439770f7045ff65ab94ec1472a56b381c74f34b,21519337,0x6fa0bc12314b30bdd739459a52c883b5ca3d7571,{1inch},"[{""address"":""0xdac17f958d2ee523a2206206994597c13d831ec7"",""amount"":619195621}]",6.045790645560926,612.2162029246455,,,
0xdcf4a04ad8ca358704e807afb3c480659a98428b7d3f0db902ba33908e713a7d,21519339,0x1e139f1eb5c75998196e80be857675bcbd5ac169,{},"[{""address"":""0x44971abf0251958492fee97da3e5c5ada88b9185"",""amount"":""104059305104492708939""}]",2.963710520931533,381.9367130434067,,,
0xcfffaf85bca4774964f143cf31dfc293d8e3f880cf704edd861d334e746562f3,21519340,0xad3b67bca8935cb510c8d18bd45f0b94f54a968f,{},"[{""address"":""0xbbc2ae13b23d715c30720f079fcd9b4a74093505"",""amount"":""2073956458618598002""}]",4.797849080107882,0.7142525260853505,,,
0xb58a450f473c79aab6b5b4ea2213c18254f1edbe5c4dc68008228b7e472918df,21519340,0x0000e0ca771e21bd00057f54a68c30d400000000,{},"[{""address"":""0xc02aaa39b223fe8d0a0e5c4f27ead9083c756cc2"",""amount"":912553484198357}]",3.061677533428013,0.005681066628688836,,,
0x4f655be56bd326f797ad9783383fa5ec654da5112b601b6b3d58fed14076bf04,21519340,0xadd83db3500e09880deb0a4194c3d229adf14246,{},"[{""address"":""0xdac17f958d2ee523a2206206994597c13d831ec7"",""amount"":32630410}]",3.9858357761723973,28.595373866479772,,,
0x64b71bf36761bbdcd68d2756b0567b5a421d411f8a1b4a0f284df42a090b3430,21519341,0x00000000009e50a7ddb7a7b0e2ee6604fd120e49,{},"[{""address"":""0xc02aaa39b223fe8d0a0e5c4f27ead9083c756cc2"",""amount"":726397366566912}]",2.394520206657544,0.04711335014693896,,,
0xd47e811059b088df1ffbd1d33ff0d2961b242f93197b7ef7a97caa487c2d6969,21519341,0x1698a3e248ff7f0f1f91fe82eedaa3f1212d1f7f,{},"[{""address"":""0xe9a53c43a0b58706e67341c4055de861e29ee943"",""amount"":""5.865936786324606826272339676e+27""}]",3.849879499290097,1055.5383041109337,,,
0x91e940da576cd2287ae5cb2b4ab70ec31260ad7772871edd3b6a329c8e563452,21519341,0x81463b0f960f247f704377661ec81c1fd65b5128,{},"[{""address"":""0xc02aaa39b223fe8d0a0e5c4f27ead9083c756cc2"",""amount"":""5399027294142464""}]",17.352837040863676,0.794869465540966,,,
0xd32437786c6e5e53d730ef3cc1d2d1a6d6d63f7c468a72aa134d3c0d1d27d0f3,21519342,0xa9048585166f4f7c4589ade19567bb538035ed36,{},"[{""address"":""0xc02aaa39b223fe8d0a0e5c4f27ead9083c756cc2"",""amount"":""1381392169447228""}]",4.43776960621402,0.20549265115073911,,,
0x554f0450b4b87bd1da110213cc482aa39de376d3d20992bdfbaa87ace276cff0,21519343,0x807cf9a772d5a3f9cefbc1192e939d62f0d9bd38,"{BalancerV1,BalancerV2,BalancerV2}","[{""address"":""0xdef1ca1fb7fbcdc777520aa7f396b4e015f497ab"",""amount"":""4.630032595093319674266e+21""}]",4.135444872551555,4232.373249743079,,,
0x56934b395d89e3247b445d6542f4b06df0c7ddfa3970a42ee8e7b4bc393dba20,21519346,0xd4bc53434c5e12cb41381a556c3c47e1a86e80e3,{},"[{""address"":""0x7fc66500c84a76ad7e9c93437bfc5ac33e2ddae9"",""amount"":""56776659635489230536""}]",7.554315873640204,18227.228156422407,,,
0x0b683a7de20ad19f177f2aff77e4aadbe1e1a5a181391529377f4c01973d193e,21519346,0x46d64af09019bd1ec896ab85f527bc18fcb5baa9,{},"[{""address"":""0xc06caead870d3a8af2504637b6c5b7248bed6116"",""amount"":741420672076}]",3.502956663987113,48.077781808392956,,,
0xf1e648efc36b95b5c7fd8fee8665c528ef5b826626e10a0a5bd818023e1b5562,21519348,0xea8cf32e4ac03acab2babb9028bac5c853e0ce80,{},"[{""address"":""0xc02aaa39b223fe8d0a0e5c4f27ead9083c756cc2"",""amount"":716221000903790}]",2.341895304461152,0.0655325172553547,,,
0x4ca24613033d234c0dd73cdcc460204ad2816945fdf7fe79837a87f6c49386e0,21519349,0x10126a50445362a2191bc04e18d7d7b973a80e78,{},"[{""address"":""0x6e79b51959cf968d87826592f46f819f92466615"",""amount"":569043006730268}]",3.7648589801895573,47.34106416715783,,,
0xc400876420fefbea41a9856575efd511a4b093437933b7647237b6ca3c3e3ead,21519349,0xaae99ae161b9b4b7b9d5cd0a97e5c88f401aa286,{},"[{""address"":""0x8802269d1283cdb2a5a329649e5cb4cdcee91ab6"",""amount"":121936186191322}]",3.7947421257654135,294.7643148506985,,,
0x6928b40c321941b27b12d15820bc55e0aab0b822cb57c92577cce9347712901b,21519351,0x1f2f10d1c40777ae1da742455c65828ff36df387,{},"[{""address"":""0x5200b34e6a519f289f5258de4554ebd3db12e822"",""amount"":""190694009616728064""}]",4.335306239648722,912.1973121812314,,,
0x003814b260fd0e8bbdcd6f50fd96602bb7635cd422163a47304ed13497b6dbea,21519351,0xc02e1b910adc11ce3a04fc41c723aff661a04d67,{},"[{""address"":""0x26e550ac11b26f78a04489d5f20f24e3559f7dd9"",""amount"":98137753346242}]",4.865095993682302,1482.3892580659708,,,
0x784aee3cffd60102cd9ba85d6244b84539813e6d56c7e58528f27f832d874724,21519351,0x1f2f10d1c40777ae1da742455c65828ff36df387,{},"[{""address"":""0xc02aaa39b223fe8d0a0e5c4f27ead9083c756cc2"",""amount"":""623485198830403584""}]",31.525139171160053,2064.190585721959,,,
0xf0381e81e013eb239894316aaf6d123377667c7761abb7516ce0451b9fdbb7da,21519351,0x0b8a49d816cc709b6eadb09498030ae3416b66dc,{},"[{""address"":""0xc02aaa39b223fe8d0a0e5c4f27ead9083c756cc2"",""amount"":""2206919897229307""}]",6.548940818681462,0.8691610719153786,,,
0xf2a79bed779ece3029b5c844b99065776659cc7106318d9ee2f57e459f03ac2f,21519351,0x807cf9a772d5a3f9cefbc1192e939d62f0d9bd38,"{BalancerV1,BalancerV2,BalancerV2}","[{""address"":""0xdef1ca1fb7fbcdc777520aa7f396b4e015f497ab"",""amount"":""1.091302165054757068966e+21""}]",2.920893667196921,995.6273920634259,,,
0x05a89a54c9036e90a0a14e8e00539564dba4b385fd47afaad84dbe80cf59bbfc,21519351,0x93772fafabd00d1f18bf364ffae981213dc05337,{},"[{""address"":""0x5c162ec1c1679c67728d824defc0b415a97539e5"",""amount"":""3.4941709308710254373187e+22""}]",2.826384706472832,305.02139541708056,,,
0x9e2900053d05841bbc92f50e7bfe5867697ce4263f0bc97bb416c072905de713,21519354,0x1f2f10d1c40777ae1da742455c65828ff36df387,{},"[{""address"":""0xc02aaa39b223fe8d0a0e5c4f27ead9083c756cc2"",""amount"":""2406191003074560""}]",8.06692445234204,0.020985784660046747,,,
0x7778bd60d93142d603acb51b2fee2ff5a83ff102a391598db9eabdb245402f20,21519354,0xb6c658c7ae321f846debe8a3023521fb9ecae337,{},"[{""address"":""0xc02aaa39b223fe8d0a0e5c4f27ead9083c756cc2"",""amount"":""32142720627207275""}]",6.474478468608687,101.5665867974941,,,
0xf49efb37057a6a4ab2e3bec4cc068f5c298154c3e66212b8a71f7493c352f30c,21519354,0xf3de3c0d654fda23dad170f0f320a92172509127,{},"[{""address"":""0xc02aaa39b223fe8d0a0e5c4f27ead9083c756cc2"",""amount"":1}]",7.172445880340407,-7.172445880340404,,,
0x036c2d00558cbde008fb3f7db4c1aa3d00572b5d440f8d31456f0da1deac241b,21519354,0xa66f2862e8905c946a7ec9a86b148b0d71d609bf,{},"[{""address"":""0xa35923162c49cf95e6bf26623385eb431ad920d3"",""amount"":""9.6898412268671169865656e+22""}]",3.4690856182448258,888.0263748308569,,,
0xc6fa04978f669d2597a6b495f04f5bad337be58d7b927eadc175a44ffdc395fa,21519355,0x00000000009e50a7ddb7a7b0e2ee6604fd120e49,{},"[{""address"":""0xc02aaa39b223fe8d0a0e5c4f27ead9083c756cc2"",""amount"":""4497984600027811""}]",13.664077482554632,1.454961548826617,,,
0x578b44804daf5065e43694de4c49d9dd86565dfd92a06fdfca7804b95302e951,21519355,0x6719c6ebf80d6499ca9ce170cda72beb3f1d1a54,{},"[{""address"":""0x6c5ba91642f10282b576d91922ae6448c9d52f4e"",""amount"":""4.842130795319705377291e+21""}]",5.231394627287217,1984.3923620548346,,,
0xfbf0daddc2592002674b5f8d5266c305f3a1d1892bb71797d0e5fd179d7ca563,21519357,0x1f2f10d1c40777ae1da742455c65828ff36df387,{},"[{""address"":""0xdac17f958d2ee523a2206206994597c13d831ec7"",""amount"":50983200001}]",2.8995271981667594,50903.42765305624,,,
0xebd09b9ae068c6a54b17fc99eb8ddc4514f95c8502230331dc12a85ae1924bab,21519357,0xc02e1b910adc11ce3a04fc41c723aff661a04d67,{},"[{""address"":""0x64c5cba9a1bfbd2a5faf601d91beff2dcac2c974"",""amount"":""5.1310386468610765094008913701e+28""}]",3.3606187327379238,1489.7716275038351,,,
0xcd89a41162bd6e90eaf9952e6e99f386cba57ffa18c5f8191601a6dcb0aabe27,21519357,0x1f2f10d1c40777ae1da742455c65828ff36df387,{},"[{""address"":""0xc02aaa39b223fe8d0a0e5c4f27ead9083c756cc2"",""amount"":""15548935012830444462""}]",11.981826261421226,52252.526894809,,,
0x50026ccfc61c8f6e0b0b6011bba65f6980a413ad8b708c37e6ec97a13b064f3f,21519357,0x9d1833becb105405a8305f775f0af3157d12b33c,{},"[{""address"":""0x4d224452801aced8b2f0aebe155379bb5d594381"",""amount"":""27251078074408533464""}]",187.62577780725172,-154.2825270735532,,,
0x8f4133f6a16e963ef33c575b76649e043fb93c3d37e4ac56f92f8f8eabb277d9,21519357,0x12d737470fb3ec6c3deec9b518100bec9d520144,{},"[{""address"":""0x6982508145454ce325ddbe47a25d4ec3d2311933"",""amount"":100663296}]",3.300082516239278,-3.3000825162392764,,,
0xfc781f2beedd762fa87da421e5bfe3d4740c21f17080956ed9e8b7e9d17d8d82,21519358,0xcf9997ff3178ee54270735fdc00d4a26730787e0,{},"[{""address"":""0xc02aaa39b223fe8d0a0e5c4f27ead9083c756cc2"",""amount"":""63433561396428812""}]",42.7295128743299,170.48920082384421,,,
0x895795e7a12913fcbd0a532d6ba2ca388eccc30a8ca4cfed9850864502b093d1,21519358,0x9a6fae683549309386b633275a4f6933a022a092,{},"[{""address"":""0xc02aaa39b223fe8d0a0e5c4f27ead9083c756cc2"",""amount"":""11640835162738519""}]",6.07680435354597,33.051440145608325,,,
0x2daf25958d88c9d0c145ad3b984de8121e5174e2cdb341bcd85915c351843976,21519359,0x1f2f10d1c40777ae1da742455c65828ff36df387,{},"[{""address"":""0x5200b34e6a519f289f5258de4554ebd3db12e822"",""amount"":""187733106407505920""}]",8.465865048746739,893.835764277649,,,
0x1bef5b228baca4458a013fc9b4b79d6f37a3641dd8baa3f8a98611644fc01a2a,21519359,0x1f2f10d1c40777ae1da742455c65828ff36df387,{},"[{""address"":""0xc02aaa39b223fe8d0a0e5c4f27ead9083c756cc2"",""amount"":""506950278252490846""}]",30.106035834521915,1673.9018088836665,,,
0x4e03637dc218bd6b092427a89a8487578f85798c76c46ee155dd1af9a7fa1a26,21519359,0x69749b3f0dcbed34aa2c6267483b06cd4e0cc677,{},"[{""address"":""0x9d39a5de30e57443bff2a8307a4256c8797a3497"",""amount"":""6.1123628929375048394502e+22""}]",6.668055502856629,69529.69233041015,,,
0xc7dbcb73475b1d1d6fe9aa41bfae3ad5b81039d4bd79fd3668f61ab0cdf1bf50,21519359,0xf76ae53e8decba4688b0a482b7e67d0a0eed8c55,{},"[{""address"":""0xa0b86991c6218b36c1d19d4a2e9eb0ce3606eb48"",""amount"":22284630}]",2.5552399560507677,19.73982602308829,,,
0xee75684644146104e8958ed7f10ab26f85fbfd740baf6b75c0116b32a9c7db8c,21519362,0x1f2f10d1c40777ae1da742455c65828ff36df387,{},"[{""address"":""0xaca98ab4e400e932bf4b20032becb7c48bfa781a"",""amount"":""104431221880513363968""}]",0,0,,,
0x9881e577d9e654c89c9a9696d469cc8ceff809ba7e22f011e035312b32c40947,21519362,0xbc10865aebb584f23809ef69cc5beaee39e0d6c2,{},"[{""address"":""0x6bfdb6f4e65ead27118592a41eb927cea6956198"",""amount"":""1.1346695372885079650148e+22""}]",2.9498656786081257,35.23132173003063,,,
0x756f46c910e6aecb8f449fe01b745834cef1dfe603ad97d658d3bb92f61b04ee,21519362,0xd4bc53434c5e12cb41381a556c3c47e1a86e80e3,"{BalancerV1,BalancerV2,BalancerV2}","[{""address"":""0x7f39c581f595b53c5cb19bd0b3f8da6c935e2ca0"",""amount"":165369427295}]",2.5996568639275024,-2.5989982323894556,,,
0x8bd2bcba15b7335628afeef52fe5525b35e366dd885a7bd608e13144312cc4f4,21519363,0x1f2f10d1c40777ae1da742455c65828ff36df387,{},"[{""address"":""0xdac17f958d2ee523a2206206994597c13d831ec7"",""amount"":177315312897}]",3.7590010858955756,177044.19664365237,,,
0x82729fd4d91e4a3782243c5dc0555ce15a0d41456613d902da7295c3ba60bcde,21519363,0xc2eacf835d753e75449cea394ff880e1e33c67f5,{},"[{""address"":""0xff284f2e8cce4cd2f4537d8a9369482b545908fb"",""amount"":3125527684456}]",3.1317454664280238,30.79520368795027,,,
0xa83ea107e5e3e445be7ebccf284ca40e2acd1422224492ee56594da8bfef43ca,21519363,0x526a70fe2eb162cc8ee397cf7b55ef14d51e6882,{},"[{""address"":""0x6e79b51959cf968d87826592f46f819f92466615"",""amount"":358910266633807}]",4.070448094138906,28.16339062532329,,,
0x135b6feb2951cace333e4bd13e99325b28805ef20d98022c14efdbbb5e015126,21519364,0x759c3b374b8065dbb62c61b20a4e292d5a90bd0a,{},"[{""address"":""0x44ff8620b8ca30902395a7bd3f2407e1a091bf73"",""amount"":""32662677135067077919""}]",5.6371204176395375,108.67817982145316,,,
0x560f5b2116467e354e3c32c162390d223074f1d300d0c6188b5953e8414ab733,21519365,0x4e411dd478456b7e6dd421b61b197c644ed7d560,{},"[{""address"":""0x26e550ac11b26f78a04489d5f20f24e3559f7dd9"",""amount"":6950010853558}]",3.9690292057385217,101.35673534735633,,,
0x461949ecb4918875b5cd296ddd33c6cf189ddcd86a442176489f99a1c61f3cd6,21519366,0xed8f9cbf74bdcb9c83584a3fc92619e7f1d26c84,{},"[{""address"":""0x1202f5c7b4b9e47a1a484e8b270be34dbbc75055"",""amount"":""4.425290906759913242247e+21""}]",0,0,,,
0x4bd495aec03b362c88fa81762303c1d37970f08fd27aced627bb7214c06ad57a,21519367,0xcf5540fffcdc3d510b18bfca6d2b9987b0772559,{},"[{""address"":""0xa0b86991c6218b36c1d19d4a2e9eb0ce3606eb48"",""amount"":29372}]",3.910123597203164,-3.880737842181013,,,
0xee353df2c9277d060619c8792c083b765526b7879e7f7752ad938e067fbcce90,21519367,0xdd0f36f295c9d0fc57a09f7303925b1ba1d9ef10,{},"[{""address"":""0xdac17f958d2ee523a2206206994597c13d831ec7"",""amount"":398724545}]",2.39353898893999,395.72980639090963,,,
0xcbd9653c7239d0402ec1d44e112319e5d2f6ccd487d5b269b6a7c6cfa8916c45,21519368,0x507888e987257a8dde6f8afa46375cefe2cbf504,{},"[{""address"":""0xc02aaa39b223fe8d0a0e5c4f27ead9083c756cc2"",""amount"":663698709649430}]",2.219730645961382,0.011154425589343209,,,
0x8ed652d6b7134af9f48243ac95a788fa446d04dc5932cb189525d0aa6c5c0ca7,21519369,0x1f2f10d1c40777ae1da742455c65828ff36df387,{},"[{""address"":""0x77f9cf0bd8c500cffdf420e72343893aecc2ec0b"",""amount"":""4.48418830304917217592999936e+27""}]",3.8635025456255385,1382.1991019268735,,,
0x3094f4248bc20219a6c9453ca27c1b864e1a97b1617601b539bf5b1fb61bbfcb,21519369,0x0b8a49d816cc709b6eadb09498030ae3416b66dc,{},"[{""address"":""0xc02aaa39b223fe8d0a0e5c4f27ead9083c756cc2"",""amount"":""37343696044269593""}]",86.8394223925934,38.68363921723481,,,
0xacc4aff77bf493f6e8a14aaf27abb790d004742d3c9010461324468c2807a289,21519370,0xd4bc53434c5e12cb41381a556c3c47e1a86e80e3,{},"[{""address"":""0xf939e0a03fb07f59a73314e73794be0e57ac1b4e"",""amount"":""2.793582450248344005015e+21""}]",6.658791564621718,2783.228655898907,,,
0xb587dd3645eaade6cdf7bf85f4584b91c02967c6816fda025bf3c15a56be7a37,21519370,0x6057c8ec13660ff4f17b54637534d0f8923525e4,{},"[{""address"":""0xa0b86991c6218b36c1d19d4a2e9eb0ce3606eb48"",""amount"":43329176}]",2.796315368709835,40.553151853394745,,,
0xbe0beeab501f60b9dab00321fa04c98bd7d59eb2b4c23e8c242ed2853d397987,21519371,0x2745aeaf81e7df97d93fe83b6b4005f63e7847c9,{},"[{""address"":""0xdac17f958d2ee523a2206206994597c13d831ec7"",""amount"":52736774}]",3.5006283753451806,49.15662875293388,,,
0xb6f82e6daac65986c9bff6ee592ff84d2263762f42c3606de8c2c3448377af7c,21519371,0xa8e4d747de3b1a6bdabae4d7cc9342643811bfd9,{},"[{""address"":""0xa0b86991c6218b36c1d19d4a2e9eb0ce3606eb48"",""amount"":1695294520}]",3.941798944872969,1692.1466340904915,,,
0xd09efda2778f3d9353fb0b07e6911620517aa2aa23e7e5f6c284155989f515b8,21519373,0xdd0f36f295c9d0fc57a09f7303925b1ba1d9ef10,{},"[{""address"":""0xdac17f958d2ee523a2206206994597c13d831ec7"",""amount"":323549942}]",2.621810183266301,320.4402809816915,,,
0xf2bb78f16b5f5e0c103055c515f5fb13922895a961645ee63bb3cba452bf9952,21519374,0xd4bc53434c5e12cb41381a556c3c47e1a86e80e3,{},"[{""address"":""0xa0b86991c6218b36c1d19d4a2e9eb0ce3606eb48"",""amount"":68857868664}]",14.843110383852267,68875.27196205717,,,
0x71742e7bc06a83323ee87099ac8ff03dcde07533ffa187d6187444632e47e9ee,21519375,0x00000000009e50a7ddb7a7b0e2ee6604fd120e49,{},"[{""address"":""0xc02aaa39b223fe8d0a0e5c4f27ead9083c756cc2"",""amount"":""1887094158917632""}]",6.172446932564684,0.17062730659363545,,,
0xd1297ae87f33096f7cc2a5a452f0f8719657f4a25fac62ec49e4125c70c0164b,21519376,0x1f2f10d1c40777ae1da742455c65828ff36df387,{},"[{""address"":""0xa0b86991c6218b36c1d19d4a2e9eb0ce3606eb48"",""amount"":3055144}]",3.0851162808067767,-0.028541544956515175,,,
0x30541250b9aecd864f4ba660636e79d9bed4a598e2ccc49b702e5fdcd9e1f854,21519376,0xdfe87452e30b2fbb5df4371b4edc9ef75a89aeee,{},"[{""address"":""0x3ffeea07a27fab7ad1df5297fa75e77a43cb5790"",""amount"":""9.47077665310381764852e+25""}]",4.881185669057505,4.229701471228369,,,
0x6d3d01fcff63c5402ddeab7c67885bbd4e4371702d991a554cbc2d42f552fb08,21519376,0x2837294c0b0a5f1250065d80348be54e03b9213b,{},"[{""address"":""0xe28b3b32b6c345a34ff64674606124dd5aceca30"",""amount"":""20228481824549650000""}]",2.8668404611542493,402.06125804215645,,,
0x370f55db53a8058fb2d3901b2b6328ff710c4e8a7de7c20a6e2efc497f7498c1,21519377,0xee481f8632792f8503687e563d08094417a76b6f,{},"[{""address"":""0xc02aaa39b223fe8d0a0e5c4f27ead9083c756cc2"",""amount"":""59355303206257424""}]",6.992680458985933,192.51781717351506,,,
0xd08f9f90250ba64f63d0dd3346ab5b3fa5f6c4d0ab51a45fdac9a5e1de4ac0de,21519377,0xebeca48463abeecce7aeb15aae073da8a01b170d,{},"[{""address"":""0xc02aaa39b223fe8d0a0e5c4f27ead9083c756cc2"",""amount"":""2426722035071926""}]",7.841271728717006,0.3156492990558615,,,
0xcc51a04609e02859ecc8fa5e6e0052aae21d11922207b99e6e9f1b8596d599be,21519377,0xd9e16df86c01a03a93b8fd164b7027d7e744b81d,{},"[{""address"":""0xc02aaa39b223fe8d0a0e5c4f27ead9083c756cc2"",""amount"":""2487359409891837""}]",4.829379160709872,3.531361781576943,,,
0x6704173a5aa5f9fe77ddeefa25a31ab544cac72ee9b17c1ebb1450e09e8aa2b6,21519377,0xc2eacf835d753e75449cea394ff880e1e33c67f5,{UniswapV2},"[{""address"":""0x6bfdb6f4e65ead27118592a41eb927cea6956198"",""amount"":""4.4262950070145794770335e+22""}]",4.4025552927222416,144.54054543826564,,,
0xc7ce6f3f9740e0c0f8cd2dab8018e78affb399b09b3f3097d19abcc6dd59488a,21519378,0x0000000000007f150bd6f54c40a34d7c3d5e9f56,{},"[{""address"":""0x26e550ac11b26f78a04489d5f20f24e3559f7dd9"",""amount"":1}]",5.2902167910249664,-5.2902167910098115,,,
0x4973455ca5730aae9a5df5c1e327084ccf8d578cc95c017852e01d82b36a7ef1,21519378,0x00000688768803bbd44095770895ad27ad6b0d95,{},"[{""address"":""0xf576e1f09e2eb4992d5ffdf68bec4ea489fa417d"",""amount"":""8.511495531897237205987e+21""}]",0,0,,,
0xa7bdf4a893ddd1d471a5cd12d3655f70053e430289153c8de4cdcf9c5ca60519,21519378,0xdae66ad34d67bb6fa124549a141989169789b5b3,{},"[{""address"":""0xc02aaa39b223fe8d0a0e5c4f27ead9083c756cc2"",""amount"":""3420607307841536""}]",11.30913487458949,0.18852463228484417,,,
0x449d39ca9df0daea52d0b6380b9caafc32347f0cf9c76bfa9907c597c8b25f45,21519378,0x9c434a2d262d17c57b3d5361781ea090e251f77e,{},"[{""address"":""0x26e550ac11b26f78a04489d5f20f24e3559f7dd9"",""amount"":1}]",10.629974940301642,-10.629974940286488,,,
0x5df41f60e0f6b4275b07f03525a02bd04bc1b16895fc4ed494a8e31191a8b2c8,21519378,0x712d8a7df9999c7d029d9984d5c0d03e903909d0,"{BalancerV1,BalancerV2,BalancerV2}","[{""address"":""0xa0b86991c6218b36c1d19d4a2e9eb0ce3606eb48"",""amount"":1211962}]",5.7334634327165555,-4.520933866185304,,,
0x1515b3b29b9a15ea558e9977b5f6663651735bbc5c4a2d7249fac9fec2c94e3d,21519379,0x6057c8ec13660ff4f17b54637534d0f8923525e4,{},"[{""address"":""0xa0b86991c6218b36c1d19d4a2e9eb0ce3606eb48"",""amount"":3679403442}]",2.73103559427807,3678.3954853872833,,,
0x6f34d3c477fbfbbbe17d285ccda7ffd5007c2b6afbce69bb749e52d341cdf2b5,21519379,0x828ae1566824a9835acb6f565e1e9ea22bfb883a,{},"[{""address"":""0xc02aaa39b223fe8d0a0e5c4f27ead9083c756cc2"",""amount"":""5081270480535552""}]",17.07963311461273,0.00000000012656187209358905,,,
0x3136045a02678b82bef57e93213f59250372c47d31dfe8a6db1d33e6af97e0f0,21519379,0x9f3bd6e80096c3ccfe44291b51ff0b21968fca2f,{},"[{""address"":""0xa0b86991c6218b36c1d19d4a2e9eb0ce3606eb48"",""amount"":305379048}]",4.203730230456249,301.31832796870043,,,
0x3e596ad3f7bc0aca22fe62fa8539e8c912af412e468ee5dc5fba7a1dcbcd8d62,21519379,0x82cd48014664c24c41b9fe6e2c0d842bdaa7edcc,{},"[{""address"":""0x04f121600c8c47a754636fc9d75661a9525e05d5"",""amount"":""9.96452724555368326752279e+23""}]",3.0211375831231,363.0773870334234,,,
0x6b1d12159a396df36ac793740fe6dd3f4ac9688b5bb065b19b65a0afbcfcf307,21519380,0x81463b0f960f247f704377661ec81c1fd65b5128,{},"[{""address"":""0xc02aaa39b223fe8d0a0e5c4f27ead9083c756cc2"",""amount"":""115721086267555840""}]",299.7809875245568,89.19135800597161,,,
0xa887cfd09fa4252ce350a998cf0ce93f1ffe90c4f46128314ca6653416d3d11d,21519380,0x0ddc6f9ce13b985dfd730b8048014b342d1b54f7,{},"[{""address"":""0xc02aaa39b223fe8d0a0e5c4f27ead9083c756cc2"",""amount"":""1475986298691882""}]",2.329440732677293,2.631780001508531,,,
0x5faf907e680995013df6c4e9c0fedb80f5e58422831089dfc888715a8fc6402d,21519380,0x2c794ab10898e3cc44a97a3ec3ed3a73d3875f08,{},"[{""address"":""0x6b175474e89094c44da98b954eedeac495271d0f"",""amount"":""1.698040997872720703134e+22""}]",3.948764481128014,16976.061609163928,,,
0xa153cdcdbcbf32b438008fe2454a174c016cd747d8db556862a8ea3040694bdf,21519381,0x828ae1566824a9835acb6f565e1e9ea22bfb883a,{},"[{""address"":""0xc02aaa39b223fe8d0a0e5c4f27ead9083c756cc2"",""amount"":""5758769459888129""}]",19.35690492013291,0.0000000004034106382277969,,,
0x35deef6011d1b58757c4051b7c70b9890ac2a899d89f4fe455344abd924433f0,21519381,0x81463b0f960f247f704377661ec81c1fd65b5128,{},"[{""address"":""0xc02aaa39b223fe8d0a0e5c4f27ead9083c756cc2"",""amount"":""1252556714016768""}]",3.73319204449812,0.47701664499384977,,,
0xee2f2c0528f79ad3d01779822b1d4652d3c8bfff8da825296fa55ccdf3a8ca9c,21519381,0x2837294c0b0a5f1250065d80348be54e03b9213b,{},"[{""address"":""0x44ff8620b8ca30902395a7bd3f2407e1a091bf73"",""amount"":""57105276020695045587""}]",3.8772198944268474,195.98413092342943,,,
0x756971f13c025b6b5d9f25e1f51c4f3c53586eb7d6130e52297c6b9de95effe4,21519381,0xdd0f36f295c9d0fc57a09f7303925b1ba1d9ef10,{},"[{""address"":""0xdac17f958d2ee523a2206206994597c13d831ec7"",""amount"":447795730}]",2.746941110657682,444.3735993978578,,,
0xdfd926fcc137c6dbc3c561e3c988b1f8dba615ee887eefd70cce192cffb70aab,21519382,0xe6b1de575e7e610889ea21024834e120f92033a3,{},"[{""address"":""0xc02aaa39b223fe8d0a0e5c4f27ead9083c756cc2"",""amount"":""4441290255084034""}]",4.5888844121293495,10.33958837897214,,,
0x6e372ed5e4bd90792da76a23589498791f3da72f0961e8f8d52bcf3514f96d93,21519382,0xd6587782acb773f6267ccc068fe73da768c2f407,{},"[{""address"":""0x761d38e5ddf6ccf6cf7c55759d5210750b5d60f3"",""amount"":""8.26541090191601828669800934e+26""}]",3.8627775471128594,157.89131380338364,,,
0x545317b1bde939ab481086248e38621f6bf98a6a3af6b6d35b46d6680c53b005,21519382,0x12d737470fb3ec6c3deec9b518100bec9d520144,{},"[{""address"":""0xc02aaa39b223fe8d0a0e5c4f27ead9083c756cc2"",""amount"":""5573702910624481423""}]",3.9183116585416804,18730.92392291331,,,
0x112e9bb6e07ef4e29a3ea20b16c5568045d14da94150be403cdb76aecce66145,21519383,0x00000000009e50a7ddb7a7b0e2ee6604fd120e49,{},"[{""address"":""0xc02aaa39b223fe8d0a0e5c4f27ead9083c756cc2"",""amount"":""19083208419180544""}]",14.52293031187628,49.62130284796824,,,
0x4765af2a1f1c6fbb48afc55239256b9c9520fece7046a9003eb11af231a0e194,21519383,0x3f986c5977c87d808554367291d90ceb94ceca39,{},"[{""address"":""0x26c8afbbfe1ebaca03c2bb082e69d0476bffe099"",""amount"":""226163801971688891045""}]",3.0382270703319554,259.63883552456514,,,
0x007ce001cd3a04b4b3dba37d6516a67bdc9286d4114ba554b5d35450ee948277,21519384,0x21703e1d0c904585c574d8165f81e7baea006b43,{},"[{""address"":""0xdac17f958d2ee523a2206206994597c13d831ec7"",""amount"":5270859377}]",5.034605905210588,5257.877332957219,,,
0x8dca925b9b79236154114e128e3c0c6619f95a822525b9eddf052a408da6bc8a,21519386,0x5b93d80da1a359340d1f339fb574bdc56763f995,{},"[{""address"":""0xc02aaa39b223fe8d0a0e5c4f27ead9083c756cc2"",""amount"":""2480895747609466""}]",7.876366061503585,0.462648625354916,,,
0x27c155d6bea016ad5c50c05d77967f26258bfcc32c6526f58ff612d07a8a7395,21519388,0xad3b67bca8935cb510c8d18bd45f0b94f54a968f,{},"[{""address"":""0xf576e1f09e2eb4992d5ffdf68bec4ea489fa417d"",""amount"":""61036444984597211352""}]",0,0,,,
0x566b0497c34a9701bb2b0bc031a63fa58b8dbcb1173cf44ec3d80c4984e18309,21519392,0xb1b2d032aa2f52347fbcfd08e5c3cc55216e8404,{},"[{""address"":""0xc02aaa39b223fe8d0a0e5c4f27ead9083c756cc2"",""amount"":""603853207683802285""}]",7.590563054268017,2022.1363097633323,,,
0x9f8c7d67c0200460bb827564674c41b59d349739bc5d4f06736b8457a08c83b4,21519392,0x85aced685b9df939c84a3629758dc0a68df00d4e,{},"[{""address"":""0x9e612ff1902c5feea4fd69eb236375d5299e0ffc"",""amount"":""101737294517163712""}]",0,0,,,
0x7a5d90b40bb9da30ab9fb47e959ab8b638c867b4e1b1a8e945a23c86aed000d1,21519392,0x0eae044f00b0af300500f090ea00027097d03000,{},"[{""address"":""0xc02aaa39b223fe8d0a0e5c4f27ead9083c756cc2"",""amount"":""3653575829742595""}]",3.335299790983775,8.945434912653912,,,
0x14d9fff852299f990a434dc51f031e9fbd216be57a3a81bf2b618a2e87af301f,21519394,0xa2e8f907e4bf6ca1c448f39299a1a712a6feba10,{},"[{""address"":""0x5c47902c8c80779cb99235e42c354e53f38c3b0d"",""amount"":""2.79999999999999999597346816e+26""}]",0,0,,,
0x7d41c8cf86f4821712ca825b989560797fa4c59e77d69a6999d11091dc6fac60,21519395,0x5557f095556feb36c725f1ffe94a97631adeb770,{},"[{""address"":""0xd46ba6d942050d489dbd938a2c909a5d5039a161"",""amount"":2408517913736}]",9.693481703919888,2953.3460126571995,,,
0x2410722d8a38a27a97b66ce55b4054ce36b9dc8944a46c8942dab8d252f39505,21519395,0xe6b1de575e7e610889ea21024834e120f92033a3,{},"[{""address"":""0xc02aaa39b223fe8d0a0e5c4f27ead9083c756cc2"",""amount"":""10202503634694459""}]",2.668787912448195,31.624804526663503,,,
0xeb804f55be9cefc998a594f94d34a1e4c5a4e97427171ca5bd86b42af62fe15f,21519395,0x00000000009e50a7ddb7a7b0e2ee6604fd120e49,{},"[{""address"":""0xc02aaa39b223fe8d0a0e5c4f27ead9083c756cc2"",""amount"":""2151874547417088""}]",7.072510917128642,0.1605674871045899,,,
0x31a303dd7fe1731958c77ae74940cd6f451d2799bbccadc91871dad0d0a10f08,21519396,0x872fb7e39cd7308672534d05e4232ffbcbae37d5,{},"[{""address"":""0xc02aaa39b223fe8d0a0e5c4f27ead9083c756cc2"",""amount"":""1537897775346570""}]",2.133356256025711,3.035967020802631,,,
0x05658896d8da33db381e54947bd94820aaa2b65854772282cd8a065c2ea66c38,21519396,0x9a0e68255c15635d95943d6fcf6432be7d9536a2,{},"[{""address"":""0x6bfdb6f4e65ead27118592a41eb927cea6956198"",""amount"":""1.1036877173605935284722e+23""}]",3.1688312891149177,368.2177812206271,,,
0x2d859f8b861c412e12973362828ebe2dbfb314f5dd93a50851708a9bf132291c,21519397,0x8184eac9178d8a1ab72e186cb962780e93ee105a,{},"[{""address"":""0x5026f006b85729a8b14553fae6af249ad16c9aab"",""amount"":""3.37762876454499347118424e+23""}]",3.700347668345594,274.60883174687984,,,
0x35e92094b497bbc3ba79cb22a34e3aa4ac5e95120fbafa9d09b52035f49a4cb9,21519399,0x00000047bb99ea4d791bb749d970de71ee0b1a34,{},"[{""address"":""0xdac17f958d2ee523a2206206994597c13d831ec7"",""amount"":3000000}]",3.474069029162406,-0.4785924498624059,,,
0xecde92f945ec323b3e6280153d2178370be3919d6c3ea48ea18ca53b7a71a15b,21519399,0xfe0d67eb6c5dd591113ce23bf800c2eba2070937,{},"[{""address"":""0x36f4ec0a7c46923c4f6508c404ee1c6fbe175e1c"",""amount"":""362973691958397580415""}]",0,0,,,
0x35d72b2b9b4254ad8db13dc1895e2cea926d1db396e601ab4b4e4c42f71bd128,21519400,0xd4bc53434c5e12cb41381a556c3c47e1a86e80e3,{},"[{""address"":""0xc02aaa39b223fe8d0a0e5c4f27ead9083c756cc2"",""amount"":""2051844802529302879""}]",11.427906135858034,6885.421330650206,,,
0x0328e3b8a89e371d97b3baf9d4cf69c9a543d936cb5fcc24bbc8fd5e847a287e,21519400,0x0b8a49d816cc709b6eadb09498030ae3416b66dc,{},"[{""address"":""0xc02aaa39b223fe8d0a0e5c4f27ead9083c756cc2"",""amount"":""1080276182413851""}]",3.1204102401026934,0.5107133005349414,,,
0xe23f82774bf2b7f02246b8a12f5bdc4dd35ba8af501e2386ff232c0748ddeada,21519401,0x1f2f10d1c40777ae1da742455c65828ff36df387,{},"[{""address"":""0x960692640ac4986ffce41620b7e3aa03cf1a0e8f"",""amount"":""7.788833753841015780642e+21""}]",0,0,,,
0x194d2b92eeb0cb46bb01a74e490155cd5e9985bc5816a0f22f65e421b1a5db52,21519401,0x1f2f10d1c40777ae1da742455c65828ff36df387,{},"[{""address"":""0x6bfdb6f4e65ead27118592a41eb927cea6956198"",""amount"":""2.242723258255236554617894e+24""}]",17.680679508147218,7528.995618313653,,,
0x497bb60ffe8701b622896b4bf529b22f482d998ca642ef967428d1874897576c,21519401,0xad3b67bca8935cb510c8d18bd45f0b94f54a968f,{},"[{""address"":""0xf576e1f09e2eb4992d5ffdf68bec4ea489fa417d"",""amount"":""31582394289447908896""}]",0,0,,,
0xb9bf1d7f92dbdd5028e7b9671fdb08a896112599c340c4078d74ae278b8e9a49,21519401,0x972b0f9cde1266e860e546ac92e783741769400f,{},"[{""address"":""0x81f3a11db1de16f4f9ba8bf46b71d2b168c64899"",""amount"":""1.69281718864918659495233e+23""}]",0,0,,,
0xc75cf3d8267fb9bdd9e18d89270462c3dca9fb94ee0b0c591a8864a77c65d863,21519401,0xf43e5c42446965b2ca2f099f47bef98e2db6807d,{},"[{""address"":""0xa0b86991c6218b36c1d19d4a2e9eb0ce3606eb48"",""amount"":257929223}]",3.1980594085686156,254.85195285248625,,,
0xc91446cd0063ed15fa0e147776a9601fb97a1d3c98b330f5b661e620518c266b,21519402,0x1f2f10d1c40777ae1da742455c65828ff36df387,{},"[{""address"":""0xc02aaa39b223fe8d0a0e5c4f27ead9083c756cc2"",""amount"":""427743092490108928""}]",4.307893657785352,1433.461482147034,,,
0x574883d92ca40282c990350479aafcd9c5d46170b0f3b6b38e82455dc9646961,21519402,0x828ae1566824a9835acb6f565e1e9ea22bfb883a,{},"[{""address"":""0xc02aaa39b223fe8d0a0e5c4f27ead9083c756cc2"",""amount"":558215154630656}]",1.8763240561578831,0.0000000003356015465527662,,,
0xd490ef057c3db276505e8ed8aaa7265e2efc88db1b4a49714362c82509436da7,21519402,0x035280376bbee8509b10162668b0df12bec3369c,{},"[{""address"":""0x28561b8a2360f463011c16b6cc0b0cbef8dbbcad"",""amount"":""2168693751961358""}]",3.490360443033804,339.37123009767384,,,
0x683fbd399abf4a6d3d4269ebf035ae8b0328e3d4a7bf84b474366cde98407754,21519404,0x214d3bd72c7b250acb7978909b5e9754ab3e4365,{},"[{""address"":""0xa0b86991c6218b36c1d19d4a2e9eb0ce3606eb48"",""amount"":11523092506}]",6.177527679157454,11522.311287481463,,,
0x78b7e442d5e906919ef9c5569ca2ab6050be02fb06b58620b16a4ea212a9792b,21519404,0xad3b67bca8935cb510c8d18bd45f0b94f54a968f,{},"[{""address"":""0x44ff8620b8ca30902395a7bd3f2407e1a091bf73"",""amount"":""2003556822217650643""}]",3.237064055185512,3.7751351816001297,,,
0x32c4b0993161ee681f5e33c0b735ed828ec617949ae587674d9e83f020d3434e,21519405,0x1f2f10d1c40777ae1da742455c65828ff36df387,{},"[{""address"":""0xc02aaa39b223fe8d0a0e5c4f27ead9083c756cc2"",""amount"":""423605172619444224""}]",2.2405356445406803,1421.6200837734916,,,
0x5e8e44a3501ee39bd05e8473eb06f41cf9ff30bea720d1966a0742d9483e1357,21519405,0x1f2f10d1c40777ae1da742455c65828ff36df387,{},"[{""address"":""0x8f66cf0f1db84f8ee2a46352409370a69ae4e059"",""amount"":""1320199945231269888""}]",14.763721273852944,1841.7014417103587,,,
0xe90d74e6f3b83fb603aebb01cbba4927b19ed0921b9d3988ff39e2d173b1646e,21519405,0x00000047bb99ea4d791bb749d970de71ee0b1a34,{},"[{""address"":""0xe753e4a1c9b624c373f6c6c8ca3b22517cd028e7"",""amount"":55442657591267}]",0,0,,,
0x0e5c822358dbd7f873ece4ef944d89f12ea2212b51d9bf082edbd3b27007527b,21519405,0xf7ca73fb04abc558944615dbc6ae6f56e3b4c6e0,{},"[{""address"":""0xc02aaa39b223fe8d0a0e5c4f27ead9083c756cc2"",""amount"":698917987320571}]",1.945780285451351,0.40348705752016567,,,
0xe591e61bdea93a18db9f8b37ab6909906a8ca1809c6577b3d073f6ceec5f83da,21519407,0x1f2f10d1c40777ae1da742455c65828ff36df387,{},"[{""address"":""0xc02aaa39b223fe8d0a0e5c4f27ead9083c756cc2"",""amount"":810285526941696}]",2.7233318015517693,0.00027434603688103465,,,
0x1836139d0973dfe16d8cafd3f00e777cc0b0dc8ab456438b2f08044b6ea0078e,21519407,0x5079fc00f00f30000e0c8c083801cfde000008b6,{},"[{""address"":""0xc02aaa39b223fe8d0a0e5c4f27ead9083c756cc2"",""amount"":802268620669093}]",2.6459886583139682,0.05067032746233169,,,
0x3e284b8eb8c54989b14dec97a3ecabd4b96335a7eff382cb4efa11949b098dc3,21519408,0x1f2f10d1c40777ae1da742455c65828ff36df387,{},"[{""address"":""0xaca98ab4e400e932bf4b20032becb7c48bfa781a"",""amount"":""439566395736753963008""}]",0,0,,,
0xff412e4dd4c3efa80829942ff7aca3fb97031bb5b31e59526a9763a1cb4e01cf,21519408,0x1f2f10d1c40777ae1da742455c65828ff36df387,{},"[{""address"":""0xc02aaa39b223fe8d0a0e5c4f27ead9083c756cc2"",""amount"":""100640512288415869""}]",59.38007379511724,278.9020611453527,,,
0x8fb08ed2c8ba8ea26a853b6c106d923bb4ade7a99617cd4d1aaaa54be2946558,21519408,0xad3b67bca8935cb510c8d18bd45f0b94f54a968f,{},"[{""address"":""0xf576e1f09e2eb4992d5ffdf68bec4ea489fa417d"",""amount"":""18735874270087431200""}]",0,0,,,
0xa77ce712e0137b042330213caa24e86a39d7ee024cba7f1553dfabb93ac593a9,21519408,0x00000047bb99ea4d791bb749d970de71ee0b1a34,{},"[{""address"":""0x66e470fc5edf4983886fb0fa807860bc7d122212"",""amount"":""3000000000000000""}]",0,0,,,
0x18f8cd45d2451e69f36cf6abc02eec710004d7d6c3395adfadb87792bf94a290,21519409,0x828ae1566824a9835acb6f565e1e9ea22bfb883a,"{BalancerV1,BalancerV2,BalancerV2}","[{""address"":""0x5c5b196abe0d54485975d1ec29617d42d9198326"",""amount"":9394224893234}]",8.200008034299724,-8.19999879232923,,,
0x041ae66759910ecece404e65002621a46d08649fff450987d6f6ffe34c9688db,21519409,0xf4e0febcbe709eb20ebc5e141468c1b722392650,{},"[{""address"":""0xc575bd129848ce06a460a19466c30e1d0328f52c"",""amount"":""254368123779342578171""}]",2.4482280082456183,1536.2578299086179,,,
0xc56567a01801b60bb13b5b1d9d5cd13b29987c6f11f6bdccf8e4f35dc5964790,21519409,0x12d737470fb3ec6c3deec9b518100bec9d520144,{},"[{""address"":""0x1f9840a85d5af5bf1d1762f925bdaddc4201f984"",""amount"":""16958355387915437""}]",5.218449204971884,-4.992685486339743,,,
0x09741adf3f97bc421238a5f7f812c06d547278be88b2c8a7189f04572c758b89,21519410,0x828ae1566824a9835acb6f565e1e9ea22bfb883a,{},"[{""address"":""0xa0b86991c6218b36c1d19d4a2e9eb0ce3606eb48"",""amount"":7087048}]",7.156871975100415,-0.06650508288252777,,,
0xd5de992eeea4ab51305ede85e6619db348d2ef0183c5dda7b9b9704eff1472a2,21519410,0x1f2f10d1c40777ae1da742455c65828ff36df387,{},"[{""address"":""0x046eee2cc3188071c02bfc1745a6b17c656e3f3d"",""amount"":326688185606919}]",4.584335482108756,-4.5842963430112755,,,
0x9cd87d222da9bf69ae2c41b9f043afc52c041b957f797f3dec7d6bae0baf5221,21519410,0x9d6b911199b891c55a93e4bc635bf59e33d002d8,{},"[{""address"":""0xc02aaa39b223fe8d0a0e5c4f27ead9083c756cc2"",""amount"":""8474731746731443""}]",8.712780335956458,19.77326651678871,,,
0xf3225add5f4af19912c206980f5ef13be859b1ffd758d34955f48db5a1e1b5ef,21519411,0xfb576a0a49455ebd9c62979b30116efbfd60396e,{},"[{""address"":""0xa0b86991c6218b36c1d19d4a2e9eb0ce3606eb48"",""amount"":8025714618}]",8.204234017736601,8021.268857438159,,,
0x990ab69e24d77f59042d02141a07d25c5b74a327c5bf9c61deca1f2e9335df44,21519412,0x00000000009e50a7ddb7a7b0e2ee6604fd120e49,{},"[{""address"":""0xc02aaa39b223fe8d0a0e5c4f27ead9083c756cc2"",""amount"":""4264593287282688""}]",14.007715265382338,0.32682744581208567,,,
0x25a17b078f458960ad3b74905df1d3c9d7443ecf2820882388fe9acadf0b6808,21519414,0x5b93d80da1a359340d1f339fb574bdc56763f995,{},"[{""address"":""0xa2cd3d43c775978a96bdbf12d733d5a1ed94fb18"",""amount"":""1.128485077693855092118e+21""}]",2.570940831279619,0.21207997822808666,,,
0xcdd39b0323161b0adbbd501c33441681a35465e9718b3caa1314cdfc219ec052,21519414,0xfcb51642a2a33eafefd79c236480e295ccbd4a44,{},"[{""address"":""0xb50721bcf8d664c30412cfbc6cf7a15145234ad1"",""amount"":""4689966856970049947""}]",2.973151158810421,0.4559656883769949,,,
0x51898245a995d5c89865290fc7e6634b0949305e15e0a3d73e68798d7bec2b09,21519414,0x80eabd6df366b62fbb970029363c3e52eff00953,{},"[{""address"":""0xc02aaa39b223fe8d0a0e5c4f27ead9083c756cc2"",""amount"":""1379724391360943""}]",4.635572715514984,0.002083652940758185,,,
0x8f3b5039d4b35495449be35d2f059831726d82234b73e9e2366e6fa9ea6912eb,21519414,0x3f272ce3e97eb989f0aad16b323d4217a9eb1d60,{},"[{""address"":""0xdac17f958d2ee523a2206206994597c13d831ec7"",""amount"":3002640371}]",4.010068687081134,2994.1029004433067,,,
0x6f7d27a68886794ba7d25b8ad36a410e0c4bfbcdcbf5fd630a9bd9c446cd2391,21519416,0x12d737470fb3ec6c3deec9b518100bec9d520144,{},"[{""address"":""0xc02aaa39b223fe8d0a0e5c4f27ead9083c756cc2"",""amount"":""3135130991276347846""}]",2.622918051449833,10535.46736916452,,,
0x8d12976b5f1a3a345704bf5af9315e9093038f1206a858bd68a845034f2f6b86,21519416,0x00000000009e50a7ddb7a7b0e2ee6604fd120e49,{},"[{""address"":""0xc02aaa39b223fe8d0a0e5c4f27ead9083c756cc2"",""amount"":""41024614880509952""}]",126.89162724499657,11.0040768936923,,,
0x11d3294d6e109ba1f70c857da9b4fd56f9faba83c0a20d06b7eb457ed56bc4d0,21519416,0x36135e77f9bf618708bd449d7d6d9f3f10973d73,{},"[{""address"":""0xc02aaa39b223fe8d0a0e5c4f27ead9083c756cc2"",""amount"":""1757480847753766""}]",5.649614509979587,0.25779156115945145,,,
0x046710107b730a8eac4391fd43f81488ec62f877bbbcf6d3fc63b8a54b95056c,21519416,0x5babb148fedd51a3ba7f7473d490899c96a56e53,{},"[{""address"":""0xa35923162c49cf95e6bf26623385eb431ad920d3"",""amount"":""1.3191524849785179639e+23""}]",2.6562568854539648,1211.0049625963916,,,
0x6cd20612c4366bdc560f4296401eaff6fb5e74fe65c0f2864f284b12dbb01ffa,21519416,0xbae30f064b2e96644f900a9f6c7a5cdc11247344,{},"[{""address"":""0xc02aaa39b223fe8d0a0e5c4f27ead9083c756cc2"",""amount"":""1145019110584182""}]",3.7644371178868923,0.08430630033037989,,,
0xacd93ad676a928d12ee48a805a28319698e3ce9f8a4819454693aacf28fc7098,21519417,0x81463b0f960f247f704377661ec81c1fd65b5128,{},"[{""address"":""0xc02aaa39b223fe8d0a0e5c4f27ead9083c756cc2"",""amount"":901551955855355}]",2.953711321074636,0.07666793129339977,,,
0xb68e42c5f6e8e2ac3cb488eeee067ca2c326fa782315150454cf61894ec4b9e2,21519417,0xefe9e1448854cd3289d56abe14ccf2598b60d07f,{},"[{""address"":""0xa9e8acf069c58aec8825542845fd754e41a9489a"",""amount"":""1.01957890903463835538e+21""}]",3.149495692840051,1863.9165276726437,,,
0x3b47cdf07255cd2468887f71b566e997b74a7a791bc9de4c096d231194b5c163,21519418,0x3087228a094767de2f2e40fe31b3aa354b1e9883,{},"[{""address"":""0x8236a87084f8b84306f72007f36f2618a5634494"",""amount"":578806}]",4.17929116253683,532.7777525334214,,,
0xc4cba026333d8b3b9f62017c9dbf9b0776a393fe4a0c9b906d6f7f91804ce0e1,21519419,0x1109297e392d92c1613fdbdf30579a0215c20da9,{},"[{""address"":""0x9d39a5de30e57443bff2a8307a4256c8797a3497"",""amount"":""1.693098256004845360138823e+24""}]",4.795092780999525,1926122.5072365091,,,
0x6e31a864af37927c5208f4d621fb3268001fd9e22ebead6131b7d2cbb26c65f9,21519420,0xd6bd343e5d07fd38523b3a899888a3c6869994c8,{},"[{""address"":""0x71297312753ea7a2570a5a3278ed70d9a75f4f44"",""amount"":""2471425900775718""}]",3.1940958746046615,1185.4762510623489,,,
0x790e2d7495df5bb30ea9816e61f502c7509f4f605082e1ac93a65ef8afcfe7cf,21519422,0x1f2f10d1c40777ae1da742455c65828ff36df387,{},"[{""address"":""0x2b591e99afe9f32eaa6214f7b7629768c40eeb39"",""amount"":34066358007434}]",6.091170992873396,1085.7980808459718,,,
0xb37f7fc34cdfee225c60f8d455d2df6187b3eb8c466ec5db9d080c828466973e,21519422,0xad3b67bca8935cb510c8d18bd45f0b94f54a968f,{},"[{""address"":""0xf576e1f09e2eb4992d5ffdf68bec4ea489fa417d"",""amount"":""19729457386531462801""}]",0,0,,,
0x4c5b0c9fd538856e1bd406d922bcb5eab8557abc131dec38755ca8cf18dcabda,21519423,0x0000e0ca771e21bd00057f54a68c30d400000000,{},"[{""address"":""0xc02aaa39b223fe8d0a0e5c4f27ead9083c756cc2"",""amount"":""2011137741769674""}]",6.7379654616052935,0.022055463124337038,,,
0x94d0ebcaa03053d71a4dc88ce8565b9543eb9895b30878f27302611a2c453a5f,21519423,0x91f2a2c6a54fd5cb2eda3e43fbe3ae8f6c71f734,{},"[{""address"":""0xa0b86991c6218b36c1d19d4a2e9eb0ce3606eb48"",""amount"":1976069}]",3.058488072590007,-1.081493671770638,,,
0xe0d86f5110fa7cdb83c6a20ad2493a2f8abd5899781242363fc4db9fd8273ff3,21519424,0x3fc91a3afd70395cd496c647d5a6cc9d4b2b7fad,{},"[{""address"":""0xc02aaa39b223fe8d0a0e5c4f27ead9083c756cc2"",""amount"":""68952783948835957""}]",5.763652032806153,226.00677951522613,,,
0x493773122956a5560ef31c82dfe39df3b9f14293a63588798ace98b276536773,21519424,0x1f2f10d1c40777ae1da742455c65828ff36df387,"{BalancerV1,BalancerV2,BalancerV2}","[{""address"":""0xc02aaa39b223fe8d0a0e5c4f27ead9083c756cc2"",""amount"":""2243632560878299""}]",7.427876734979736,0.11362713317204154,,,
0xddf4e48321008f1b71b6430464742bcbdfc0b7ab7b4bd2af33a00d011e852753,21519425,0x1f2f10d1c40777ae1da742455c65828ff36df387,{},"[{""address"":""0x5200b34e6a519f289f5258de4554ebd3db12e822"",""amount"":""202376887010741168""}]",2.2944416685818894,970.3895903711435,,,
0x5ab0b1faacd7e0410e5a543a78b31adce553042d45fff9415766e51ffd57c6bf,21519425,0x1f2f10d1c40777ae1da742455c65828ff36df387,{},"[{""address"":""0xc02aaa39b223fe8d0a0e5c4f27ead9083c756cc2"",""amount"":""351656152083202049""}]",83.3906235845185,1098.6283386276687,,,
0x4359ffb9122968dfad22bbc48cae655faa000698cf1b22d5c3a40c6d0ebc0e59,21519425,0x8793c6aa63cc96c955da4906f628dc09cd595dc8,{},"[{""address"":""0xc02aaa39b223fe8d0a0e5c4f27ead9083c756cc2"",""amount"":""1238087464166158""}]",3.1034410771665186,1.0581322405536522,,,
0x056772976844b4aa524e9dc645116bbbaad0b58a62ba600a585a4f6145be1f9f,21519425,0x00000047bb99ea4d791bb749d970de71ee0b1a34,{},"[{""address"":""0x2077d81d0c5258230d5a195233941547cb5f0989"",""amount"":60000000000000}]",3.6076749933137333,-2.2519629933137333,,,
0xdfdc05f35178fcc6ac13dde7cf87b2b8f72d896ffa2357a8931cce1711f2fc4d,21519425,0xc676ae150f366aa06c75d9c5299d3c535f5a46a3,{},"[{""address"":""0xa0b86991c6218b36c1d19d4a2e9eb0ce3606eb48"",""amount"":352243939}]",2.3902218428041557,350.0186743675809,,,
0x0a8a6725497dbe254531a93a2983b7ee662f69428cdf6eb3529f4b39fb829853,21519426,0x807cf9a772d5a3f9cefbc1192e939d62f0d9bd38,{},"[{""address"":""0x2260fac5e5542a773aa44fbcfedf7c193bc2c599"",""amount"":8660024}]",5.7506234402804335,7998.160815455221,,,
0x22375c1bf5c256cc0e4eabc7f66bdc57a0202c8317d183152d0da296f2161055,21519426,0x1510c5a15e840ad783b593933e5c72527ce22aec,{UniswapV3},"[{""address"":""0x675b68aa4d9c2d3bb3f0397048e62e6b7192079c"",""amount"":7829758162271}]",5.739700876727643,569.5011904626961,,,
0x794d68e8cfd9ddb257de5790df05636ac519f303df96ed6ca33a385ec207fea4,21519427,0x70bf6634ee8cb27d04478f184b9b8bb13e5f4710,{},"[{""address"":""0xc02aaa39b223fe8d0a0e5c4f27ead9083c756cc2"",""amount"":""40132162019489066678""}]",3.938211031968841,134891.97138870737,,,
0x17b89a3f87da064d4bf7ced713bc608639cc7358d8c1cd1d5f1010234f0cbb7d,21519428,0x00000000009e50a7ddb7a7b0e2ee6604fd120e49,{},"[{""address"":""0xc02aaa39b223fe8d0a0e5c4f27ead9083c756cc2"",""amount"":""2328825793402387""}]",6.781278195343138,1.046584991987559,,,
0xa3f4b26cc9ee9007899c5135a452d9b9d56a6625dea9531b011a6cd9eed29b69,21519428,0x970d9b907943909d3f5829c9f1bf000592f2e6d0,{},"[{""address"":""0xb753428af26e81097e7fd17f40c88aaa3e04902c"",""amount"":""6715803777112555929""}]",3.143908568129835,163.10539080843242,,,
0xe0cf284a2ebfc105233b0c4af254d87ae6bc670c862bb478e48d7d3b52e6bce1,21519428,0x972b0f9cde1266e860e546ac92e783741769400f,{},"[{""address"":""0x35d8949372d46b7a3d5a56006ae77b215fc69bc0"",""amount"":""3.28840076772738626777289e+23""}]",4.319731197763225,328264.3542643302,,,
0xf12b653a580d1e1352a90bde4e6e0919e4d5763b593ff67603f41527e8d5740e,21519428,0xf7ca73fb04abc558944615dbc6ae6f56e3b4c6e0,{},"[{""address"":""0xc02aaa39b223fe8d0a0e5c4f27ead9083c756cc2"",""amount"":""7025912235526602""}]",2.2470624879600645,21.36907913229559,,,
0x739a56b9720d91f9fb3af1660de20972d59e6d3fbe999b3ca08e053302935892,21519429,0xbf7ee384f4cc4c0fa8cdff33b8d2ec4066d307f9,{},"[{""address"":""0x0f2d719407fdbeff09d87557abb7232601fd9f29"",""amount"":""1.2489512972023918287529e+22""}]",5.398698636858866,7777.112823199168,,,
0x50da6ba4f80224200ce73391784e5a95519803e9a8785c494a907448c8b5c603,21519430,0x1f2f10d1c40777ae1da742455c65828ff36df387,{},"[{""address"":""0xc02aaa39b223fe8d0a0e5c4f27ead9083c756cc2"",""amount"":324123985182720}]",1.7653419890921278,-0.6758666754251843,,,
0xfafb7e94a4bf2474ac8b6e2078147cfe3e96097452f846dc43e1025c64a6dd05,21519430,0x1f2f10d1c40777ae1da742455c65828ff36df387,{},"[{""address"":""0xc02aaa39b223fe8d0a0e5c4f27ead9083c756cc2"",""amount"":""9103887558508545""}]",29.766504994768606,0.8343181680198519,,,
0x342e61dac64ad9da2173c88019f9a21f50e2e7e67dcef85e60a96b108962d42f,21519431,0x1f2f10d1c40777ae1da742455c65828ff36df387,{},"[{""address"":""0x66761fa41377003622aee3c7675fc7b5c1c2fac5"",""amount"":""6.350258714802237997056e+21""}]",2.155338094929509,2782.4529554444393,,,
0xe2c4544fe39b59b53afbe26d8618bd0a2fa376ce8823157eeacb73558646e4d2,21519431,0x1f2f10d1c40777ae1da742455c65828ff36df387,{},"[{""address"":""0xa0b86991c6218b36c1d19d4a2e9eb0ce3606eb48"",""amount"":2833206403}]",12.869868128613765,2821.663336479416,,,
0x7f97cbab039498c4aef57fe2b89536bcc368e3586056829ee5d2e8ea547a8c3a,21519433,0xea8cf32e4ac03acab2babb9028bac5c853e0ce80,{},"[{""address"":""0xc02aaa39b223fe8d0a0e5c4f27ead9083c756cc2"",""amount"":""20015788844908544""}]",66.6055491428765,0.6733590126086426,,,
0x9eaf00d2b57635c13c57097b523000f989b51aa7e33ee4049961d8e702007332,21519434,0xd4bc53434c5e12cb41381a556c3c47e1a86e80e3,{},"[{""address"":""0xa0b86991c6218b36c1d19d4a2e9eb0ce3606eb48"",""amount"":56489035880}]",14.666739441406,56500.823176368445,,,
