number,hash,timestamp
21519224,0xcf95bd6c8b23fb2cb161748bf1516fe775549a7d8153f68d650e51f0cc1ba1d4,2024-12-31 01:38:47.000000 +00:00
21519225,0x0b57057e27d7cad728044a4973ece62ec254aca7d3e45176cef3e38dc462bf18,2024-12-31 01:38:59.000000 +00:00
21519226,0x78a1d60dc10146d2ac37f91b7601594b853f7a3b68f082f0c017930bf607a13a,2024-12-31 01:39:11.000000 +00:00
21519227,0x03acc68077281f22b6a6835017f3e056c216c13cd1f605dd507cacc30de439c3,2024-12-31 01:39:23.000000 +00:00
21519228,0x80451251771938952e8f3a6d50ae045b41c06e0b55941e6a52c06f7d5f7b5bee,2024-12-31 01:39:35.000000 +00:00
21519229,0xdb6ec3a071273a155b452c4ba411c59d2cc4623980afb633472fc9335fbfcad1,2024-12-31 01:39:47.000000 +00:00
21519230,0x66f3dd390c430b4914a7d058f3421b3bf38461300e35890ebfa8de296c0a1b6c,2024-12-31 01:39:59.000000 +00:00
21519231,0x26f3f1e4b61ccbc9f27cfcf97079f4fed508dc129f036916f25bbc661a8731e7,2024-12-31 01:40:11.000000 +00:00
21519232,0x454637cf21d739e75a22b1d7078b2fdd4e2a6d4543a5c209405fecc63fd2dc31,2024-12-31 01:40:23.000000 +00:00
21519233,0xee0b280253815c043e9e09ec347d83ecf955cf817eca405ce00ac9bf3fe3ae69,2024-12-31 01:40:35.000000 +00:00
21519234,0x6a6e7d680922835e36de8862ff7c0798669735c4cb49d5488c651e2fddc79a03,2024-12-31 01:40:47.000000 +00:00
21519235,0xf8fddd7e17779f27da8dabe493b6c3e87388e23183f2190308234d20fe8ddfd0,2024-12-31 01:40:59.000000 +00:00
21519236,0x44d2f4b75a92a4b73f32c9237ba719f38e3e1b91c9149fdb5558266ef9a3ffc0,2024-12-31 01:41:11.000000 +00:00
21519237,0x5403c13e8149d4c676ceacd1acae761a1e8b2b6db44b74a10bba5caaf0b15825,2024-12-31 01:41:23.000000 +00:00
21519238,0x4f7c1a922655d53556fa2931178caab005ee62c1666d3abc4bbeceab9eb0bc0a,2024-12-31 01:41:35.000000 +00:00
21519239,0x839c5d6945dcea93a0a56148123b7f4ad420bf86f1042a162693c6ac22023ad8,2024-12-31 01:41:47.000000 +00:00
21519240,0x1199f632cf22fed09f56d0169ba525df42d0907185a7d2f46291c61bdf80f199,2024-12-31 01:41:59.000000 +00:00
21519241,0x8e1bad362058cbb78b9b8b481f785118979cbe1ec0a62d7cb5f23da6664626ee,2024-12-31 01:42:11.000000 +00:00
21519242,0xbcb3aa636deeb1d6692263b9b97a193f0e02b8afa6a1cbb6c7cac56f9ea17b09,2024-12-31 01:42:23.000000 +00:00
21519243,0x5259bb2d547343493e61bcba9bfb57ffc6f72c4edae37c4ecae97a78e0772bc5,2024-12-31 01:42:35.000000 +00:00
21519244,0xb9bb75cf8bd858232987ac1fe8fb55491aaa26ad62de90a5e7bfe57f5da98de7,2024-12-31 01:42:47.000000 +00:00
21519245,0xcd0810f6ced10265cc1d670b8e087865783244f0469c01c0c866b7094f7fe295,2024-12-31 01:42:59.000000 +00:00
21519246,0xc8039d522f897373faa4fb7cf74b3870e68eed82be87fc63eaec98f2e4e8331a,2024-12-31 01:43:11.000000 +00:00
21519247,0x208031f90a44eea4b0c7bdf926ec002cea034216b23bfea50070ff054dcb094f,2024-12-31 01:43:23.000000 +00:00
21519248,0x953bce379366f88ec48c5dadd3661d330a8ac1b3aa2badc79637cc837262cae7,2024-12-31 01:43:35.000000 +00:00
21519249,0x0a4afdbe64a7c3e79c6eed1b204a187d7e009b775c18f47114fc49f20f1855ac,2024-12-31 01:43:47.000000 +00:00
21519250,0x59a9ce8e8e5e984b956fe6eee38126584cb661304c94255c2e442b2a2627d9e6,2024-12-31 01:43:59.000000 +00:00
21519251,0x6196479bf71f3de74125cc85b39ff0c57823ae4816304a4d718eb12bca9c2944,2024-12-31 01:44:11.000000 +00:00
21519252,0x689233cf0b94a86aa923815d499459c4f0ed6165ccf77f3390a522678b3182b9,2024-12-31 01:44:23.000000 +00:00
21519253,0xa3302de93bee8c37ce5815bcd811954220eb417be71a7e9b82a207275639ba31,2024-12-31 01:44:35.000000 +00:00
21519254,0xbd0c45fe595f69157c17af496e9045689bff5cabc64e19d0d3124b05a28d4bc2,2024-12-31 01:44:47.000000 +00:00
21519255,0x2d2c6f1d386f1c00368d90ce520482ababc1954f4310abbe47c6432ac51146d7,2024-12-31 01:44:59.000000 +00:00
21519256,0x0b34edd3e05fa020ed5973655c90b74c01643abf8c10d8a4a0e8fb598acd1e4e,2024-12-31 01:45:11.000000 +00:00
21519257,0x202758c4f394118a49c0b3d69c7ee86d7c99e768e787fdc44f36826bbcdd8d14,2024-12-31 01:45:23.000000 +00:00
21519258,0xcb10d75faee8e58844ef5927d605a074f01a51dd544a180468e7d9b08dc38e00,2024-12-31 01:45:35.000000 +00:00
21519259,0x0cc471294305e7c6a064401264e6a914b028df45be89f6f0d86ff4d635ed1a3f,2024-12-31 01:45:47.000000 +00:00
21519260,0x2d6715e3c439fd379d3d2ce97ec5cbc18d295a9f54551fd1341c48d7a425cdb3,2024-12-31 01:45:59.000000 +00:00
21519261,0x097f0528c998cbab70a983ac92fd1d5e737232ed634c88a90c7c9b4be2b7a6a6,2024-12-31 01:46:11.000000 +00:00
21519262,0xfdaaac2f4b46b5d8867afd19d6ee7656a7f62450f225265cf3f25afc0e94ce4e,2024-12-31 01:46:23.000000 +00:00
21519263,0x77ae401e0e08e7c10b64dc85e06bfb0a605c177f35b0708b664d8b864777e411,2024-12-31 01:46:35.000000 +00:00
21519264,0xbe475d13603d788d54091e6597d423a9fb6813a57f513772608b02cf526f6ec6,2024-12-31 01:46:47.000000 +00:00
21519265,0x65b9958b0b6985d687fb05e379232e43cad026440c1c638771386969b02448c3,2024-12-31 01:46:59.000000 +00:00
21519266,0x8225914b9f2add010c72ece07cacf3b35daa7f2d8f7b0bccf8972320d4136597,2024-12-31 01:47:11.000000 +00:00
21519267,0x00f993925d5ad793bbd594ac6797a0d2b42da102d7656d6bf2487941bc08a087,2024-12-31 01:47:23.000000 +00:00
21519268,0xe83d7afa66c601bc53738e972f38f875ed7a30c542130e84c908e8d40ad00f30,2024-12-31 01:47:35.000000 +00:00
21519269,0x8e2c24ffeeb91b43dcf34a7c32e58296ec367324c59f1c7382c4020ea3330703,2024-12-31 01:47:47.000000 +00:00
21519270,0xf1252a71f4901786d5e4df5bc860313a8df8556061b86d2e8437efb12d9c12db,2024-12-31 01:47:59.000000 +00:00
21519271,0xf3990f7f99ab1473b56be9a30b77471f87e0bad1bd7fe09db946adb065ae338d,2024-12-31 01:48:11.000000 +00:00
21519272,0x70877851bce48a131bba3a9d482e6e2b63a3447cccf30b58d498601146841d5f,2024-12-31 01:48:23.000000 +00:00
21519273,0xe51ac7f7411817d4cae36eceb268249876381a8657e338575a5cab12d59595df,2024-12-31 01:48:35.000000 +00:00
21519274,0x87bd0ac511eefd718004386493e14b34617ea5702a74e93387a7f499e133cb75,2024-12-31 01:48:47.000000 +00:00
21519275,0x5731077de63295848bc0d1e9561719bf7b87a4d9d7c543494810ba74866092bb,2024-12-31 01:48:59.000000 +00:00
21519276,0xb560bc9eec398a0ee1b99cf6c1b14a08002a985c99d50a102d6b29392ea0cc6f,2024-12-31 01:49:11.000000 +00:00
21519277,0x2153dbb89b74a58a21e28515e0ddfe4f344c8c16f6fc68a0f7e78fa38193213b,2024-12-31 01:49:23.000000 +00:00
21519278,0x627ab72efbe45a36d9d80e3251328d72a49d736df0d428b281ba91280050df2b,2024-12-31 01:49:35.000000 +00:00
21519279,0x54d458e56b0dffb3f4a7891d205822c939b126f54b414e21fc84ed99fded681b,2024-12-31 01:49:47.000000 +00:00
21519280,0x9f7b071c9409305e20c63ee8d093a83557f1acd961dfd23e3378d6869a018cc0,2024-12-31 01:49:59.000000 +00:00
21519281,0xd65f44b25208dc449254e7465a0429cb3a87793965bcfb4bce005fbeb104a204,2024-12-31 01:50:11.000000 +00:00
21519282,0x44940e2f7a676fdefc0e2334cabe28b5ed389cea39aa7734bd4fb63da558bc08,2024-12-31 01:50:23.000000 +00:00
21519283,0x4b7adb32f3d4b0402c4c75a1e655fba2084ed1c5b031d3039d453d88b3327ebd,2024-12-31 01:50:35.000000 +00:00
21519284,0xa70dde6c0911a2b940cd2f4cf10897b5f1bbf6f40243202bef47a023acebd3d6,2024-12-31 01:50:47.000000 +00:00
21519285,0x3967b2110280959fa7c870a62a156845b3a62f9364ab069665305a70a12d0889,2024-12-31 01:50:59.000000 +00:00
21519286,0xa98d36b0df778a0d6410a6befe0c68795eae0fa6f316c9f0c2754fae41a0759e,2024-12-31 01:51:11.000000 +00:00
21519287,0x46370582874af97b9d8748989a853128dc6af23d2284719d544278f0628ac512,2024-12-31 01:51:35.000000 +00:00
21519288,0xd21819f3033b52ae2dc5d1897949c3e5d2e7a9beedce87e3f63d194290ce7cd4,2024-12-31 01:51:47.000000 +00:00
21519289,0x5a5b4b79fea66fd17be1e95b64050d9c669b69148f6ffaa71c44755fdf90945a,2024-12-31 01:51:59.000000 +00:00
21519290,0x917f730d48e8a61f16adf3060d8d5f79352c86bebb1602a2302bd912df6e7116,2024-12-31 01:52:11.000000 +00:00
21519291,0x60aae980d441cf6c29843355b382226c03787e4a46ca513140beebeed9dba81c,2024-12-31 01:52:23.000000 +00:00
21519292,0xb7236aee20ba56ca00f5cd7728c3b87467ec9e2d166a59374d23a498fc7a866d,2024-12-31 01:52:35.000000 +00:00
21519293,0x5421bd78b154ff19e4a1fd19d8545fbbd4e5ef77667a774a01a2d7cd0196277e,2024-12-31 01:52:47.000000 +00:00
21519294,0xcdd1e27050d7c31edda5a4c061e0be3e77919bf115f1292d75080705bc64050e,2024-12-31 01:52:59.000000 +00:00
21519295,0xd4d0ee76265d2ad2b8c66c5c8c7f369304687dc4e782237fdacd5b1d35b1063f,2024-12-31 01:53:11.000000 +00:00
21519296,0xbed34934364e581ab19f73489335b6ef8c7831cc303c44532875943a4336411a,2024-12-31 01:53:23.000000 +00:00
21519297,0xaf219a4b1b38debfe258aa00cfeb72dd0c89921c5c57143bb5b18868fc607e28,2024-12-31 01:53:35.000000 +00:00
21519298,0x59c95d25f79970da0776e1fa16027722774d07e7a5243e4c059aa1952e062cf1,2024-12-31 01:53:47.000000 +00:00
21519299,0xeaa6bcccd709d074f1188db325e8d13d1dfb66f6aadad4ea68d36ab71535c091,2024-12-31 01:53:59.000000 +00:00
21519300,0x927fea6d9c1c0640c3f076d4616b5f7df466e28ede005095e89a888eccc2ae45,2024-12-31 01:54:11.000000 +00:00
21519301,0x77cdcfdfbb8649037009e272a2a91cbef828128ae24cab1d47a6b7e22e8d6ce1,2024-12-31 01:54:23.000000 +00:00
21519302,0xa11ce97a5e2cbb1fe408c8c2ac8b52adf3d2ae12d3fe38c6d83c304520322e7e,2024-12-31 01:54:35.000000 +00:00
21519303,0x840c17314e2fe05cff009cdca341cd1fa6d1312099be22f951d095fc9be7b588,2024-12-31 01:54:47.000000 +00:00
21519304,0x33ff11dfc13656e197cba744046ec28c07040dfc985c993088bfd8b75a62fa7b,2024-12-31 01:54:59.000000 +00:00
21519305,0xec7df691033dbc2124377cdf8ea6bb51b7851ebeecfb3fe83156b75fb81d37b3,2024-12-31 01:55:11.000000 +00:00
21519306,0xc4fc3931b1115bbdaa91ee2d607add0228c4d470756cd4b407ca3fb0abeb4d6f,2024-12-31 01:55:23.000000 +00:00
21519307,0xe164e89795d0e505844710b51875ff99b9bbd44684e7150b25bd2c0bb0de6e37,2024-12-31 01:55:35.000000 +00:00
21519308,0x6f62fb4551fe77b55fec81df5137b2e147db6b80cf8f53389f9ed7032fcc0baa,2024-12-31 01:55:47.000000 +00:00
21519309,0x282f039ea951c0e9dc45305e8a8ebcc5f754eab93ebdec2243cfb2018c97c1b4,2024-12-31 01:55:59.000000 +00:00
21519310,0x69893e6097d497dbcc8aa381f88661fc45c99e8702a24db262568c4a8bd627aa,2024-12-31 01:56:11.000000 +00:00
21519311,0xe136f652e906e2ee0ca8ba9c48e8e04e5a6866e6f42cfb19e157f8c68ad748cc,2024-12-31 01:56:23.000000 +00:00
21519312,0xdb9bc3da2fbac5b7e6ef3a4da506ae11355fb4ddd04119ff5a7807726ab1d9e9,2024-12-31 01:56:35.000000 +00:00
21519313,0x654ae6d60e8cb0d4cb4fab9d59300200e5cba97a84cc1313ec31bfe5aa4ceba4,2024-12-31 01:56:47.000000 +00:00
21519314,0x1fb5b681e30a4ce79737ce51e6938be1c9854dc78b5541cb71b03342dd4a589e,2024-12-31 01:56:59.000000 +00:00
21519315,0x0c2a2f77c33e172ef0a90b647ee8db7084c85d582dae28f927269dbdbabfdacd,2024-12-31 01:57:11.000000 +00:00
21519316,0xa0b96d940f0a846ac18f46568aaa4799a4715663b331042bd92f79e2d0c1f3a5,2024-12-31 01:57:23.000000 +00:00
21519317,0x0f48ef506250e0864ed65e0d9e6065951a90f8189353976adfdfbabbd697d766,2024-12-31 01:57:35.000000 +00:00
21519318,0x78ac8889fb295e5e6c2325794144ba6a8681be5d54345ff586effdceba5f5540,2024-12-31 01:57:47.000000 +00:00
21519319,0x078f86ebb5a35d2c0bbec5e763a795eac3f2dc19f20e7d9856f2e61d675b0063,2024-12-31 01:57:59.000000 +00:00
21519320,0x6676fdfd937345bddaf8d93ae7e989e3513ab8bd09b1d3ac5ccc17147985a183,2024-12-31 01:58:11.000000 +00:00
21519321,0x5e9288add5505d49a39c6fc32aa92028f5dcafe95302e7dffc786ee92c91c89d,2024-12-31 01:58:23.000000 +00:00
21519322,0x3958f468cf73b8e6625cf99a31ebdf9fb6c5d05dcdaa288c7705d76bbee4cb13,2024-12-31 01:58:35.000000 +00:00
21519323,0xedb0e603f1c5b94bfa802b6a6f400a8bab0da9569c80f583af8e4bfb78a20bb2,2024-12-31 01:58:47.000000 +00:00
21519324,0x62f76b6c62ba187744baa774dffb6b944922d1e581d75b5d6c0cc7c88241bbde,2024-12-31 01:58:59.000000 +00:00
21519325,0x1a7a85620bdc2b9ed00a779ec947a3d615fd50a228a062e8881bd91f7e6d8941,2024-12-31 01:59:11.000000 +00:00
21519326,0x223410028a4975aa285ed89f6edc087d97ae3ca202b30a41659e51e60767befe,2024-12-31 01:59:23.000000 +00:00
21519327,0x44a0a42be3dc65e4f4e0789231a908190ba24bcbe513b39e7fe228a7107f67af,2024-12-31 01:59:35.000000 +00:00
21519328,0x0bb59fba20e798127c4b8e785725ea91f0762528c7b8e4f94f054e9f863b7315,2024-12-31 01:59:47.000000 +00:00
21519329,0x3db87c0c65e36a8123886da77b3c87d0e802ed638a8248892ea428f2419444ad,2024-12-31 01:59:59.000000 +00:00
21519330,0xb449e79366776e8160941d12ed4d2675b75daae833a10fda5b9523154a9e00ab,2024-12-31 02:00:11.000000 +00:00
21519331,0x38f0469747d11f8e9763d168f9a3ae560a205dd49491afe235060dddd0eba07f,2024-12-31 02:00:23.000000 +00:00
21519332,0xc85bf57d0efb05b0ecec075d96d6ec9a620b5016d0dd8184802e9dde26dd1b03,2024-12-31 02:00:35.000000 +00:00
21519333,0x28461267b6bcb0246cecd999d26f7df7799a3179bce2b296896805268858cefd,2024-12-31 02:00:47.000000 +00:00
21519334,0x84e9f80a3deedaad1c47675b772aa0ce3bdda54e5a8c08e8e83bfd0ad59a2a32,2024-12-31 02:00:59.000000 +00:00
21519335,0xbaeb02f7877bc2b706e2ebcee8eb1acbe6760265a22b48a6c878920d67fff54c,2024-12-31 02:01:11.000000 +00:00
21519336,0x8a7a38900e6b97ab6bd17d651c9bd1d56ea2ba5ea86e3e2ca500983d1a655481,2024-12-31 02:01:23.000000 +00:00
21519337,0xae1f99e1dea441cb11b3350cc8ce2afbd9da64b06fc753149f722cd82a09ee5a,2024-12-31 02:01:35.000000 +00:00
21519338,0x1e3fe6432b1b20b9f577b768536737aa35a827a51d13b73cf65ce588f6fe4cfc,2024-12-31 02:01:47.000000 +00:00
21519339,0x667d0ec4013b700b87cb98b8c9262242eefd3a9e736d8fc9100bb60f07d63abd,2024-12-31 02:01:59.000000 +00:00
21519340,0xa3fd58e06b5dc8982cf0df0c02a226eb0dc5f785eb3e1206595b9221101f68a4,2024-12-31 02:02:11.000000 +00:00
21519341,0x69b5f0e9d3949f2e8bb58916541ea69ef5f37c05d1532b07db0cc3109076102d,2024-12-31 02:02:23.000000 +00:00
21519342,0xe131d59f3dbee4c31b85758d168d5dd40938745d1d09084883d568f3b02b611c,2024-12-31 02:02:35.000000 +00:00
21519343,0x6ae2d915986aac05abc3f617fbfa69adfd127d2cf59bbc70d2b31d79f515732e,2024-12-31 02:02:47.000000 +00:00
21519344,0x53938060cce3e48f4224e12b608fe4495fc4cdee7562334e2e2f2e86c9558c7e,2024-12-31 02:02:59.000000 +00:00
21519345,0x691f37c31aae9c8ac396222bee6d1df7313701043ead8ec13f16bf49fb2ea599,2024-12-31 02:03:11.000000 +00:00
21519346,0xdf9495169c1dd59fb825e95e16f5d48532e682e63f45e3fa04230e8341726613,2024-12-31 02:03:23.000000 +00:00
21519347,0xde2f0c9a0cad77eb1b6ef98072c349a8d092ce8462581177a8a5453faf3fd6aa,2024-12-31 02:03:35.000000 +00:00
21519348,0x7dadf5752340a266fbc4dcc67a3dd3d5dac7f84be6fb73efc1129c6d9c9fd707,2024-12-31 02:03:47.000000 +00:00
21519349,0x6efaa50c55128450e4c706dbf84e626adcbeb35d4db3359225431d2a90bdadde,2024-12-31 02:03:59.000000 +00:00
21519350,0x3f535a25ea60958d7f9dae02de813222820584410e86e83a441bb5608b67ac58,2024-12-31 02:04:11.000000 +00:00
21519351,0x7166005974b271cccba968232ea052d0fe1bb436dbedab162842e5833b78e400,2024-12-31 02:04:23.000000 +00:00
21519352,0x5cb56b4e4f29b64141416eee68c11b6dc6a60792d5c201cd8f14c997ad1361cd,2024-12-31 02:04:35.000000 +00:00
21519353,0xf2315b48e99ad9ea0c5a689f50c92090aa2a2c584407e4679479eba7989ceb59,2024-12-31 02:04:47.000000 +00:00
21519354,0x24a238635182606a229ba0c28a07c06e1bcfe00b34bddabc379edfd96dbe6d00,2024-12-31 02:04:59.000000 +00:00
21519355,0xe16e80f71f1b08b4eb5687ce9416025a95d3ab3c041c0b720a61672c8f895c2f,2024-12-31 02:05:11.000000 +00:00
21519356,0x37b12c507c92041d88cc4ade2f84104c88b6fce5508b9274ad36ca0e84f990ea,2024-12-31 02:05:23.000000 +00:00
21519357,0xc723a36c258c41e41cacc6a70575fb983fee4dbdbf514027d5d89a92f0d3b775,2024-12-31 02:05:35.000000 +00:00
21519358,0xa7cd8ec7632207ffde293100fd4e635097a8668fddd75f976b5fe14a240763bd,2024-12-31 02:05:47.000000 +00:00
21519359,0x036b688347de90cbace202fd6da39602df3491dad913730c1c20f1e419565f6b,2024-12-31 02:05:59.000000 +00:00
21519360,0x48c0edadce066ba392cf65abf7abcddc064d86eb566627042ffeae9c4aaae0ac,2024-12-31 02:06:11.000000 +00:00
21519361,0xb09edbc41fafb1800bed8d4a4bfa1290843e5f7ad7c247e5e69831c4e9098f55,2024-12-31 02:06:23.000000 +00:00
21519362,0x000cfa5a029f87aae00eb9869d8852aab420d5b614134dd53a51eed6b71e8e72,2024-12-31 02:06:35.000000 +00:00
21519363,0x8de0a0a4c9c84e68545f8ce09d1d2344a20b02944179d5ca828ec04a002ee5a7,2024-12-31 02:06:47.000000 +00:00
21519364,0x0890f56e46e605262898256940a2d56e04f3d73cbcc1d0ff151060af67fcbe53,2024-12-31 02:06:59.000000 +00:00
21519365,0x888fa4c326e0d28ce97fc229865f69f8a84d59c8cebaef9d5d4e37680365787e,2024-12-31 02:07:11.000000 +00:00
21519366,0x87fe7d4ddc232dca057be57d3dd5d544722733fb71186e41f04b62c9b628ec13,2024-12-31 02:07:23.000000 +00:00
21519367,0x23bdbf8f0c3b89045fffeb86a2ac55bd4193d9541820f3c9dfda3fa0d10066b4,2024-12-31 02:07:35.000000 +00:00
21519368,0x9a9154320fabf3220cf38d7889819729be530ef97bd4abb0f7d160e3092d7dad,2024-12-31 02:07:47.000000 +00:00
21519369,0x68ddd8d9c3fe3d23c192a0ddb89c1c51a2019f893e1be6d3fbe9a2bb66daddc7,2024-12-31 02:07:59.000000 +00:00
21519370,0x08433a9859c35db667867fbaddf448b3821e7fdee57700d330f0e74f97cb133b,2024-12-31 02:08:11.000000 +00:00
21519371,0xc8ab2299008b15219c834885dfc993660c212b1d25673f529bea2597dd0e34d9,2024-12-31 02:08:23.000000 +00:00
21519372,0x3cee1601e4489fa3f12b75a5b25cfc4dd20a680f545202bfdee749897103d942,2024-12-31 02:08:35.000000 +00:00
21519373,0x3e96d525064239e8918d29d0694fb049b848fed3bf5e7cc907c12c39f88eb6b3,2024-12-31 02:08:47.000000 +00:00
21519374,0x2cca6bb72f41ad5576e12583a5071a6a71827b395623cb4a07c85cae9199a077,2024-12-31 02:08:59.000000 +00:00
21519375,0x4bc53e29d4f74845d9d2034dd8b476e8a07985975ca1005a8d4d59a9cec32a3e,2024-12-31 02:09:11.000000 +00:00
21519376,0xa09a882af9fe852bf09374b7d0f66a5b6f3665a19db6d32434f9677f7d5e5985,2024-12-31 02:09:23.000000 +00:00
21519377,0xce6bca6c52ac96c3fd5cb0dcebf6591fabf0c8127ca2a9da50e0245c0aadd203,2024-12-31 02:09:35.000000 +00:00
21519378,0x01d896ee9c18ffd9d946ffab2b31d83e70b6775fa006a4e53f92a10b89b4d9e4,2024-12-31 02:09:47.000000 +00:00
21519379,0x65de45feac8911b46f196564cce90dc3fc9ebfb0e049e168715ce31e9c362dc6,2024-12-31 02:09:59.000000 +00:00
21519380,0xc8769951b7b2d46278b863f2f5cfa07f89800b03beb5e523fb947104acad3566,2024-12-31 02:10:11.000000 +00:00
21519381,0x7c86191b8eacd24a3eb6225ca46a86cb318cb2dba100aaf82b945dc302486f7a,2024-12-31 02:10:23.000000 +00:00
21519382,0xb6c8b48aa291a8a01dfe4335819de2dfa554793729d81f585bfa30eb090a48d3,2024-12-31 02:10:35.000000 +00:00
21519383,0xd9bfd4087e8cb66062671fc2074d7c09cfd34baec517e5742c1907e8c2e07809,2024-12-31 02:10:47.000000 +00:00
21519384,0xc154581c4f8d3b4f6239aa664aab9410c5aa27860e4d7be1471a245d1138ed17,2024-12-31 02:10:59.000000 +00:00
21519385,0x5330ebd6ffe5cb791d5f4dde4ece59e3ab0c4d3f959518b14afcf1c43a5a7a52,2024-12-31 02:11:11.000000 +00:00
21519386,0x63abc9a47a2fdadb03f0b63b2da61a5f32cefa588744f2c9e2b04ec8751644fe,2024-12-31 02:11:23.000000 +00:00
21519387,0xa08def092f9edf0584c52758940b5155bbb3fbaf616eb6d5b9dd32a4bcd3cff5,2024-12-31 02:11:35.000000 +00:00
21519388,0xde48c5ea8ca873d7c969ac49176fefd745b7fe57a91362fc4a90411983c9d883,2024-12-31 02:11:47.000000 +00:00
21519389,0x647e501478c219242edea69e90351654d1caf153082d2ce409657dba0a217c91,2024-12-31 02:11:59.000000 +00:00
21519390,0xce6b81b47e5ff6b03712a7337c98e2a3e3b5be8bb7e37b277c741c87d790f49f,2024-12-31 02:12:11.000000 +00:00
21519391,0x15d4ebeccf1f516f4c157ad046cb9acd9e9a964d63da9081eb50c28b061cd41e,2024-12-31 02:12:23.000000 +00:00
21519392,0x9a47c576377bdb82db2c1652e49361b548d16fd34ffc8c48920174bf3ef541b0,2024-12-31 02:12:35.000000 +00:00
21519393,0x8a0e231aae73e967c334d8cc2da50903f6db0eadc9be3eb6cf8d4789e97fc4a4,2024-12-31 02:12:47.000000 +00:00
21519394,0xced0798be8035d5b716a7d597676e81b5d92a44e9d7cfb8924a355e463ad6383,2024-12-31 02:12:59.000000 +00:00
21519395,0x2e16ce0bbe0c0b1d53d9ec52a205fe2121962de1d941f06d5702785fd4656b07,2024-12-31 02:13:11.000000 +00:00
21519396,0x7aad9d3ee94fa0622a2c03cf445f6a386c6089baeefd2be7a93dfe8749b32112,2024-12-31 02:13:23.000000 +00:00
21519397,0x2fa647aead0bf5362855446c04ebd849e733a57c975b5198d44418e12b5ef528,2024-12-31 02:13:35.000000 +00:00
21519398,0x6faa0be41105609c589f542567b0091ec74a57c1b91222bb09234dd7b710f390,2024-12-31 02:13:47.000000 +00:00
21519399,0x1771e1169779a86561e8514ae246a741c0ebb39985924b0141aabb07edfa337a,2024-12-31 02:13:59.000000 +00:00
21519400,0x79d92bf49f2793213ac37cd90645a4e766c7915d088dfea046ddb0c4482250f9,2024-12-31 02:14:11.000000 +00:00
21519401,0x33485c89bfca5072ea1dcbd8162a2283d213e3df302f00e41811b723dc37ba69,2024-12-31 02:14:23.000000 +00:00
21519402,0x44bff3118cdb117bdf01b2fd7ffce57f1a6b5eaaded06b8f1071ee0953fddf7c,2024-12-31 02:14:35.000000 +00:00
21519403,0x0b69197c1d7fe19ab3d8bebb2a6ccde80d23042e6ad465b07d3cd69c12231a70,2024-12-31 02:14:47.000000 +00:00
21519404,0x67ed94a6bc828d329731728660fbacdf490653a60ec700d1eb09af26d812428c,2024-12-31 02:14:59.000000 +00:00
21519405,0x84bf2d0d41cd4fc11576bbf2ebf9a09267d713af607f46b6f378dddf305dcbfd,2024-12-31 02:15:11.000000 +00:00
21519406,0x5eb64e96dc32e60d98213df0e489822187c13f4339b915fcff966ed8a15ba3a7,2024-12-31 02:15:23.000000 +00:00
21519407,0xf6178316f513b988a75fc3195d9941e8d30a02b0a2519ad9360851e5f2d4acbd,2024-12-31 02:15:35.000000 +00:00
21519408,0xcaae3fc43ddb9183d08179842247678a8cfe4f44d4221e388c038d63340f8218,2024-12-31 02:15:47.000000 +00:00
21519409,0xaf444e7c387bbd29ad7a409b89eb7c34b45f862949733970e4f6e9e2e4e3302c,2024-12-31 02:15:59.000000 +00:00
21519410,0x6c76a94749f60ed54fe027b267143612795821f3969164c5e0badc0b2aaaffef,2024-12-31 02:16:11.000000 +00:00
21519411,0xfc159ea5f8d97820a1bc8b8caf684996dd7924aa2c3d2243963f51959c64afbc,2024-12-31 02:16:23.000000 +00:00
21519412,0x505a8d10f5db5d06d30a2b286f4576142ec81b4912bd089222a7a02f0e56d422,2024-12-31 02:16:35.000000 +00:00
21519413,0xbcaa01661dda481766531d12cecf7c935469e2ec26ce8f4543345da724e3da93,2024-12-31 02:16:47.000000 +00:00
21519414,0xd38cd832e196c5e1092b1418cbc592fb3235f13310fa2cbdae7efce3f7a6525b,2024-12-31 02:16:59.000000 +00:00
21519415,0xc5822d41f70b656a3308f933718a1d1b6e35a0063eff48bb42b0115efe542d07,2024-12-31 02:17:11.000000 +00:00
21519416,0xb1cd3e923635fa398338cdb5839dd9a8274af55877f964b4aeb68b6c73cc85aa,2024-12-31 02:17:23.000000 +00:00
21519417,0x1d583b93184eb2d88e3ea78f2cd8d88ce64e7ef6a9c70f21461c96bc49424358,2024-12-31 02:17:35.000000 +00:00
21519418,0x436128988530aeb8fb45a25b56b6b5c95adacf1b3046cd434f8c685cae0261b3,2024-12-31 02:17:47.000000 +00:00
21519419,0x759282f9082572ec882bbe05208a0e5106e0d4f14c4067167fb781a85ad4441e,2024-12-31 02:17:59.000000 +00:00
21519420,0x5a7e8943d03c78d6fd794bd802c5aa74567da52f53c37678a4c7e0ae2210450c,2024-12-31 02:18:11.000000 +00:00
21519421,0xe7f628769cb5b3caf391e86d27b171b1db3f8827fb2d232ffc5e4d0e78535b21,2024-12-31 02:18:23.000000 +00:00
21519422,0x1fd4aa7f93da76ad8de477ac4f168b34ed8b67cc56f0908fd1f581eb7fb75217,2024-12-31 02:18:35.000000 +00:00
21519423,0x4a0a70f373be77f1657cd568f3a529f2a4557fd5e603337ba1fc64196cf05942,2024-12-31 02:18:47.000000 +00:00
21519424,0x5e947d93600a9465d2b83d71cf3402ce625413d9f5508488a03c7534d97d476e,2024-12-31 02:18:59.000000 +00:00
21519425,0x7ed236dbf7b025b39efd4e78f42f2d3358e2ffecce219332edf75ad272ce4e02,2024-12-31 02:19:11.000000 +00:00
21519426,0xf96895e3093de1b27ec26f4136a67bf51a052130e2b06546d822dd0304c5c5c3,2024-12-31 02:19:23.000000 +00:00
21519427,0x2435f66f09e3b71e8a1024f3bcf9e0b267104de194af6c4f1999417faadb94e8,2024-12-31 02:19:35.000000 +00:00
21519428,0x6ad7faeb6abe77dd2476020e52b5bb8db49b4d82efd315836354a56bb54fb405,2024-12-31 02:19:47.000000 +00:00
21519429,0xb20fb8b50c97c74210d3c70bc67a0fc49da555c5133b39a8606b2204cff8fd0c,2024-12-31 02:19:59.000000 +00:00
21519430,0x813034b08ee98ddade0b4d1cdae78c56389d5d0b51aa3da6d81cc9ae6f4c4185,2024-12-31 02:20:11.000000 +00:00
21519431,0x322cd0d6a946f96ee544b702f2efe0f8cae18df7c49be4b8e30735c08e354848,2024-12-31 02:20:23.000000 +00:00
21519432,0x02d6f4af2679093b53262952abffdc6c801da9a47c34c5d75d55e2cf5cc2f64a,2024-12-31 02:20:35.000000 +00:00
21519433,0x9e3bb64e9b6d2a8119e8fe3942404b46a38b5c441e4c7ba9a9a630bbd77e0b94,2024-12-31 02:20:47.000000 +00:00
21519434,0xc4ebc4218458bff178cf2f87779a62bd3ebee743a47907103ef3be8e2c75faa9,2024-12-31 02:20:59.000000 +00:00
