token_address,currency,price,to_block,timestamp
0xc02aaa39b223fe8d0a0e5c4f27ead9083c756cc2,usd,3361.2918619792,21519224,2024-12-31 00:00:00.000000 +00:00
0xc02aaa39b223fe8d0a0e5c4f27ead9083c756cc2,usd,3361.2918619792,21519225,2024-12-31 00:00:00.000000 +00:00
0xc02aaa39b223fe8d0a0e5c4f27ead9083c756cc2,usd,3361.2918619792,21519226,2024-12-31 00:00:00.000000 +00:00
0x744d70fdbe2ba4cf95131626614a1763df805b9e,usd,0.0408664199,21519226,2024-12-31 00:00:00.000000 +00:00
0xc02aaa39b223fe8d0a0e5c4f27ead9083c756cc2,usd,3361.2918619792,21519227,2024-12-31 00:00:00.000000 +00:00
0xc02aaa39b223fe8d0a0e5c4f27ead9083c756cc2,usd,3361.2918619792,21519228,2024-12-31 00:00:00.000000 +00:00
0x7d1afa7b718fb893db30a3abc0cfc608aacfebb0,usd,0.4600187622,21519228,2024-12-31 00:00:00.000000 +00:00
0xc02aaa39b223fe8d0a0e5c4f27ead9083c756cc2,usd,3361.2918619792,21519229,2024-12-31 00:00:00.000000 +00:00
0x44971abf0251958492fee97da3e5c5ada88b9185,usd,3.6988563702,21519229,2024-12-31 00:00:00.000000 +00:00
0x6982508145454ce325ddbe47a25d4ec3d2311933,usd,0.0000183114,21519229,2024-12-31 00:00:00.000000 +00:00
0xc02aaa39b223fe8d0a0e5c4f27ead9083c756cc2,usd,3361.2918619792,21519230,2024-12-31 00:00:00.000000 +00:00
0xdac17f958d2ee523a2206206994597c13d831ec7,usd,0.9984921931,21519230,2024-12-31 00:00:00.000000 +00:00
0xc02aaa39b223fe8d0a0e5c4f27ead9083c756cc2,usd,3361.2918619792,21519231,2024-12-31 00:00:00.000000 +00:00
0xdac17f958d2ee523a2206206994597c13d831ec7,usd,0.9984921931,21519231,2024-12-31 00:00:00.000000 +00:00
0x66a1e37c9b0eaddca17d3662d6c05f4decf3e110,usd,1.0014520082,21519231,2024-12-31 00:00:00.000000 +00:00
0xc02aaa39b223fe8d0a0e5c4f27ead9083c756cc2,usd,3361.2918619792,21519232,2024-12-31 00:00:00.000000 +00:00
0xd9a442856c234a39a81a089c06451ebaa4306a72,usd,3456.557348895,21519232,2024-12-31 00:00:00.000000 +00:00
0xc02aaa39b223fe8d0a0e5c4f27ead9083c756cc2,usd,3361.2918619792,21519233,2024-12-31 00:00:00.000000 +00:00
0xc02aaa39b223fe8d0a0e5c4f27ead9083c756cc2,usd,3361.2918619792,21519234,2024-12-31 00:00:00.000000 +00:00
0xc02aaa39b223fe8d0a0e5c4f27ead9083c756cc2,usd,3361.2918619792,21519235,2024-12-31 00:00:00.000000 +00:00
0xc02aaa39b223fe8d0a0e5c4f27ead9083c756cc2,usd,3361.2918619792,21519236,2024-12-31 00:00:00.000000 +00:00
0xc02aaa39b223fe8d0a0e5c4f27ead9083c756cc2,usd,3361.2918619792,21519237,2024-12-31 00:00:00.000000 +00:00
0xa0b86991c6218b36c1d19d4a2e9eb0ce3606eb48,usd,1.0004683039,21519237,2024-12-31 00:00:00.000000 +00:00
0xc02aaa39b223fe8d0a0e5c4f27ead9083c756cc2,usd,3361.2918619792,21519238,2024-12-31 00:00:00.000000 +00:00
0x728f30fa2f100742c7949d1961804fa8e0b1387d,usd,0.0718827166,21519238,2024-12-31 00:00:00.000000 +00:00
0xc02aaa39b223fe8d0a0e5c4f27ead9083c756cc2,usd,3361.2918619792,21519239,2024-12-31 00:00:00.000000 +00:00
0xc02aaa39b223fe8d0a0e5c4f27ead9083c756cc2,usd,3361.2918619792,21519240,2024-12-31 00:00:00.000000 +00:00
0xb23d80f5fefcddaa212212f028021b41ded428cf,usd,13.5873788849,21519240,2024-12-31 00:00:00.000000 +00:00
0x06b964d96f5dcf7eae9d7c559b09edce244d4b8e,usd,1.1079130255,21519240,2024-12-31 00:00:00.000000 +00:00
0xdac17f958d2ee523a2206206994597c13d831ec7,usd,0.9984921931,21519240,2024-12-31 00:00:00.000000 +00:00
0x3073f7aaa4db83f95e9fff17424f71d4751a3073,usd,0.9207689288,21519240,2024-12-31 00:00:00.000000 +00:00
0xc02aaa39b223fe8d0a0e5c4f27ead9083c756cc2,usd,3361.2918619792,21519241,2024-12-31 00:00:00.000000 +00:00
0xc02aaa39b223fe8d0a0e5c4f27ead9083c756cc2,usd,3361.2918619792,21519242,2024-12-31 00:00:00.000000 +00:00
0x3073f7aaa4db83f95e9fff17424f71d4751a3073,usd,0.9207689288,21519242,2024-12-31 00:00:00.000000 +00:00
0x614a48c41be6ba6762b63a92cc33cfb5e8149332,usd,0.0000000025,21519242,2024-12-31 00:00:00.000000 +00:00
0x9d39a5de30e57443bff2a8307a4256c8797a3497,usd,1.1376346857,21519242,2024-12-31 00:00:00.000000 +00:00
0xc02aaa39b223fe8d0a0e5c4f27ead9083c756cc2,usd,3361.2918619792,21519243,2024-12-31 00:00:00.000000 +00:00
0xc02aaa39b223fe8d0a0e5c4f27ead9083c756cc2,usd,3361.2918619792,21519244,2024-12-31 00:00:00.000000 +00:00
0xc02aaa39b223fe8d0a0e5c4f27ead9083c756cc2,usd,3361.2918619792,21519245,2024-12-31 00:00:00.000000 +00:00
0xa0b86991c6218b36c1d19d4a2e9eb0ce3606eb48,usd,1.0004683039,21519245,2024-12-31 00:00:00.000000 +00:00
0xc02aaa39b223fe8d0a0e5c4f27ead9083c756cc2,usd,3361.2918619792,21519246,2024-12-31 00:00:00.000000 +00:00
0xc02aaa39b223fe8d0a0e5c4f27ead9083c756cc2,usd,3361.2918619792,21519247,2024-12-31 00:00:00.000000 +00:00
0xa0b86991c6218b36c1d19d4a2e9eb0ce3606eb48,usd,1.0004683039,21519247,2024-12-31 00:00:00.000000 +00:00
0xc02aaa39b223fe8d0a0e5c4f27ead9083c756cc2,usd,3361.2918619792,21519248,2024-12-31 00:00:00.000000 +00:00
0xc02aaa39b223fe8d0a0e5c4f27ead9083c756cc2,usd,3361.2918619792,21519249,2024-12-31 00:00:00.000000 +00:00
0xa0b86991c6218b36c1d19d4a2e9eb0ce3606eb48,usd,1.0004683039,21519249,2024-12-31 00:00:00.000000 +00:00
0xc02aaa39b223fe8d0a0e5c4f27ead9083c756cc2,usd,3361.2918619792,21519250,2024-12-31 00:00:00.000000 +00:00
0xe28b3b32b6c345a34ff64674606124dd5aceca30,usd,20.0177206582,21519250,2024-12-31 00:00:00.000000 +00:00
0xc02aaa39b223fe8d0a0e5c4f27ead9083c756cc2,usd,3361.2918619792,21519251,2024-12-31 00:00:00.000000 +00:00
0xff284f2e8cce4cd2f4537d8a9369482b545908fb,usd,0.0108547908,21519251,2024-12-31 00:00:00.000000 +00:00
0xd29da236dd4aac627346e1bba06a619e8c22d7c5,usd,0.0000645398,21519251,2024-12-31 00:00:00.000000 +00:00
0xc02aaa39b223fe8d0a0e5c4f27ead9083c756cc2,usd,3361.2918619792,21519252,2024-12-31 00:00:00.000000 +00:00
0xc02aaa39b223fe8d0a0e5c4f27ead9083c756cc2,usd,3361.2918619792,21519253,2024-12-31 00:00:00.000000 +00:00
0xc02aaa39b223fe8d0a0e5c4f27ead9083c756cc2,usd,3361.2918619792,21519254,2024-12-31 00:00:00.000000 +00:00
0xc02aaa39b223fe8d0a0e5c4f27ead9083c756cc2,usd,3361.2918619792,21519255,2024-12-31 00:00:00.000000 +00:00
0xc02aaa39b223fe8d0a0e5c4f27ead9083c756cc2,usd,3361.2918619792,21519256,2024-12-31 00:00:00.000000 +00:00
0xf939e0a03fb07f59a73314e73794be0e57ac1b4e,usd,0.9986773246,21519256,2024-12-31 00:00:00.000000 +00:00
0xc02aaa39b223fe8d0a0e5c4f27ead9083c756cc2,usd,3361.2918619792,21519257,2024-12-31 00:00:00.000000 +00:00
0xc02aaa39b223fe8d0a0e5c4f27ead9083c756cc2,usd,3361.2918619792,21519258,2024-12-31 00:00:00.000000 +00:00
0x44ff8620b8ca30902395a7bd3f2407e1a091bf73,usd,3.4998754011,21519258,2024-12-31 00:00:00.000000 +00:00
0xc02aaa39b223fe8d0a0e5c4f27ead9083c756cc2,usd,3361.2918619792,21519259,2024-12-31 00:00:00.000000 +00:00
0xc02aaa39b223fe8d0a0e5c4f27ead9083c756cc2,usd,3361.2918619792,21519260,2024-12-31 00:00:00.000000 +00:00
0xc02aaa39b223fe8d0a0e5c4f27ead9083c756cc2,usd,3361.2918619792,21519261,2024-12-31 00:00:00.000000 +00:00
0xc02aaa39b223fe8d0a0e5c4f27ead9083c756cc2,usd,3361.2918619792,21519262,2024-12-31 00:00:00.000000 +00:00
0xc02aaa39b223fe8d0a0e5c4f27ead9083c756cc2,usd,3361.2918619792,21519263,2024-12-31 00:00:00.000000 +00:00
0x2232f65655c7c41d8b6c8592da3a0e32586273ea,usd,0.00270735,21519263,2024-12-31 00:00:00.000000 +00:00
0xdac17f958d2ee523a2206206994597c13d831ec7,usd,0.9984921931,21519263,2024-12-31 00:00:00.000000 +00:00
0xc02aaa39b223fe8d0a0e5c4f27ead9083c756cc2,usd,3361.2918619792,21519264,2024-12-31 00:00:00.000000 +00:00
0x9d39a5de30e57443bff2a8307a4256c8797a3497,usd,1.1376346857,21519264,2024-12-31 00:00:00.000000 +00:00
0xc02aaa39b223fe8d0a0e5c4f27ead9083c756cc2,usd,3361.2918619792,21519265,2024-12-31 00:00:00.000000 +00:00
0x69420e3a3aa9e17dea102bb3a9b3b73dcddb9528,usd,0.0000027079,21519265,2024-12-31 00:00:00.000000 +00:00
0x85bea4ee627b795a79583fcede229e198aa57055,usd,0.0000212363,21519265,2024-12-31 00:00:00.000000 +00:00
0x508e00d5cef397b02d260d035e5ee80775e4c821,usd,0.0015354635,21519265,2024-12-31 00:00:00.000000 +00:00
0xc02aaa39b223fe8d0a0e5c4f27ead9083c756cc2,usd,3361.2918619792,21519266,2024-12-31 00:00:00.000000 +00:00
0x7fc66500c84a76ad7e9c93437bfc5ac33e2ddae9,usd,321.166877188,21519266,2024-12-31 00:00:00.000000 +00:00
0xd533a949740bb3306d119cc777fa900ba034cd52,usd,0.9294692621,21519266,2024-12-31 00:00:00.000000 +00:00
0xf629cbd94d3791c9250152bd8dfbdf380e2a3b9c,usd,0.2168803896,21519266,2024-12-31 00:00:00.000000 +00:00
0xc02aaa39b223fe8d0a0e5c4f27ead9083c756cc2,usd,3361.2918619792,21519267,2024-12-31 00:00:00.000000 +00:00
0x9d39a5de30e57443bff2a8307a4256c8797a3497,usd,1.1376346857,21519267,2024-12-31 00:00:00.000000 +00:00
0x26e550ac11b26f78a04489d5f20f24e3559f7dd9,usd,0.0151547626,21519267,2024-12-31 00:00:00.000000 +00:00
0xdac17f958d2ee523a2206206994597c13d831ec7,usd,0.9984921931,21519267,2024-12-31 00:00:00.000000 +00:00
0x1f9840a85d5af5bf1d1762f925bdaddc4201f984,usd,13.3128309596,21519267,2024-12-31 00:00:00.000000 +00:00
0x553afe6468949e0685959022217336717df5fbe8,usd,65.5959327744,21519267,2024-12-31 00:00:00.000000 +00:00
0xd4f4d0a10bcae123bb6655e8fe93a30d01eebd04,usd,0.1224046758,21519267,2024-12-31 00:00:00.000000 +00:00
0xc02aaa39b223fe8d0a0e5c4f27ead9083c756cc2,usd,3361.2918619792,21519268,2024-12-31 00:00:00.000000 +00:00
0xc02aaa39b223fe8d0a0e5c4f27ead9083c756cc2,usd,3361.2918619792,21519269,2024-12-31 00:00:00.000000 +00:00
0xa0b86991c6218b36c1d19d4a2e9eb0ce3606eb48,usd,1.0004683039,21519269,2024-12-31 00:00:00.000000 +00:00
0x8f66cf0f1db84f8ee2a46352409370a69ae4e059,usd,0.0000014062,21519269,2024-12-31 00:00:00.000000 +00:00
0xc02aaa39b223fe8d0a0e5c4f27ead9083c756cc2,usd,3361.2918619792,21519270,2024-12-31 00:00:00.000000 +00:00
0xc57d533c50bc22247d49a368880fb49a1caa39f7,usd,0.0096952628,21519270,2024-12-31 00:00:00.000000 +00:00
0xc02aaa39b223fe8d0a0e5c4f27ead9083c756cc2,usd,3361.2918619792,21519271,2024-12-31 00:00:00.000000 +00:00
0xc57d533c50bc22247d49a368880fb49a1caa39f7,usd,0.0096952628,21519271,2024-12-31 00:00:00.000000 +00:00
0xc02aaa39b223fe8d0a0e5c4f27ead9083c756cc2,usd,3361.2918619792,21519272,2024-12-31 00:00:00.000000 +00:00
0xc02aaa39b223fe8d0a0e5c4f27ead9083c756cc2,usd,3361.2918619792,21519273,2024-12-31 00:00:00.000000 +00:00
0xc02aaa39b223fe8d0a0e5c4f27ead9083c756cc2,usd,3361.2918619792,21519274,2024-12-31 00:00:00.000000 +00:00
0xa0b86991c6218b36c1d19d4a2e9eb0ce3606eb48,usd,1.0004683039,21519274,2024-12-31 00:00:00.000000 +00:00
0xdac17f958d2ee523a2206206994597c13d831ec7,usd,0.9984921931,21519274,2024-12-31 00:00:00.000000 +00:00
0x6b175474e89094c44da98b954eedeac495271d0f,usd,0.9999764667,21519274,2024-12-31 00:00:00.000000 +00:00
0xc6bdb96e29c38dc43f014eed44de4106a6a8eb5f,usd,0.0000000019,21519274,2024-12-31 00:00:00.000000 +00:00
0xf19308f923582a6f7c465e5ce7a9dc1bec6665b1,usd,0.000000386,21519274,2024-12-31 00:00:00.000000 +00:00
0xc02aaa39b223fe8d0a0e5c4f27ead9083c756cc2,usd,3361.2918619792,21519275,2024-12-31 00:00:00.000000 +00:00
0xc57d533c50bc22247d49a368880fb49a1caa39f7,usd,0.0096952628,21519275,2024-12-31 00:00:00.000000 +00:00
0xbabe3ce7835665464228df00b03246115c30730a,usd,0.00000168,21519275,2024-12-31 00:00:00.000000 +00:00
0xc02aaa39b223fe8d0a0e5c4f27ead9083c756cc2,usd,3361.2918619792,21519276,2024-12-31 00:00:00.000000 +00:00
0x6985884c4392d348587b19cb9eaaf157f13271cd,usd,5.0854480887,21519276,2024-12-31 00:00:00.000000 +00:00
0xf19308f923582a6f7c465e5ce7a9dc1bec6665b1,usd,0.000000386,21519276,2024-12-31 00:00:00.000000 +00:00
0xc02aaa39b223fe8d0a0e5c4f27ead9083c756cc2,usd,3361.2918619792,21519277,2024-12-31 00:00:00.000000 +00:00
0xc02aaa39b223fe8d0a0e5c4f27ead9083c756cc2,usd,3361.2918619792,21519278,2024-12-31 00:00:00.000000 +00:00
0xa0b86991c6218b36c1d19d4a2e9eb0ce3606eb48,usd,1.0004683039,21519278,2024-12-31 00:00:00.000000 +00:00
0xc02aaa39b223fe8d0a0e5c4f27ead9083c756cc2,usd,3361.2918619792,21519279,2024-12-31 00:00:00.000000 +00:00
0x514910771af9ca656af840dff83e8264ecf986ca,usd,20.5735820623,21519279,2024-12-31 00:00:00.000000 +00:00
0x30ae41d5f9988d359c733232c6c693c0e645c77e,usd,1.6915650067,21519279,2024-12-31 00:00:00.000000 +00:00
0xc02aaa39b223fe8d0a0e5c4f27ead9083c756cc2,usd,3361.2918619792,21519280,2024-12-31 00:00:00.000000 +00:00
0xc57d533c50bc22247d49a368880fb49a1caa39f7,usd,0.0096952628,21519280,2024-12-31 00:00:00.000000 +00:00
0xc02aaa39b223fe8d0a0e5c4f27ead9083c756cc2,usd,3361.2918619792,21519281,2024-12-31 00:00:00.000000 +00:00
0xc02aaa39b223fe8d0a0e5c4f27ead9083c756cc2,usd,3361.2918619792,21519282,2024-12-31 00:00:00.000000 +00:00
0x1f9840a85d5af5bf1d1762f925bdaddc4201f984,usd,13.3128309596,21519282,2024-12-31 00:00:00.000000 +00:00
0xc02aaa39b223fe8d0a0e5c4f27ead9083c756cc2,usd,3361.2918619792,21519283,2024-12-31 00:00:00.000000 +00:00
0xc02aaa39b223fe8d0a0e5c4f27ead9083c756cc2,usd,3361.2918619792,21519284,2024-12-31 00:00:00.000000 +00:00
0x26e550ac11b26f78a04489d5f20f24e3559f7dd9,usd,0.0151547626,21519284,2024-12-31 00:00:00.000000 +00:00
0xd4f4d0a10bcae123bb6655e8fe93a30d01eebd04,usd,0.1224046758,21519284,2024-12-31 00:00:00.000000 +00:00
0xc02aaa39b223fe8d0a0e5c4f27ead9083c756cc2,usd,3361.2918619792,21519285,2024-12-31 00:00:00.000000 +00:00
0xff284f2e8cce4cd2f4537d8a9369482b545908fb,usd,0.0108547908,21519285,2024-12-31 00:00:00.000000 +00:00
0xdac17f958d2ee523a2206206994597c13d831ec7,usd,0.9984921931,21519285,2024-12-31 00:00:00.000000 +00:00
0x8400d94a5cb0fa0d041a3788e395285d61c9ee5e,usd,0.0358023973,21519285,2024-12-31 00:00:00.000000 +00:00
0xc02aaa39b223fe8d0a0e5c4f27ead9083c756cc2,usd,3361.2918619792,21519286,2024-12-31 00:00:00.000000 +00:00
0xc02aaa39b223fe8d0a0e5c4f27ead9083c756cc2,usd,3361.2918619792,21519287,2024-12-31 00:00:00.000000 +00:00
0xc02aaa39b223fe8d0a0e5c4f27ead9083c756cc2,usd,3361.2918619792,21519288,2024-12-31 00:00:00.000000 +00:00
0x26e550ac11b26f78a04489d5f20f24e3559f7dd9,usd,0.0151547626,21519288,2024-12-31 00:00:00.000000 +00:00
0xa0b86991c6218b36c1d19d4a2e9eb0ce3606eb48,usd,1.0004683039,21519288,2024-12-31 00:00:00.000000 +00:00
0xd4f4d0a10bcae123bb6655e8fe93a30d01eebd04,usd,0.1224046758,21519288,2024-12-31 00:00:00.000000 +00:00
0xc02aaa39b223fe8d0a0e5c4f27ead9083c756cc2,usd,3361.2918619792,21519289,2024-12-31 00:00:00.000000 +00:00
0xc02aaa39b223fe8d0a0e5c4f27ead9083c756cc2,usd,3361.2918619792,21519290,2024-12-31 00:00:00.000000 +00:00
0xff284f2e8cce4cd2f4537d8a9369482b545908fb,usd,0.0108547908,21519290,2024-12-31 00:00:00.000000 +00:00
0xc02aaa39b223fe8d0a0e5c4f27ead9083c756cc2,usd,3361.2918619792,21519291,2024-12-31 00:00:00.000000 +00:00
0xe0f63a424a4439cbe457d80e4f4b51ad25b2c56c,usd,0.856931223,21519291,2024-12-31 00:00:00.000000 +00:00
0xc02aaa39b223fe8d0a0e5c4f27ead9083c756cc2,usd,3361.2918619792,21519292,2024-12-31 00:00:00.000000 +00:00
0xc02aaa39b223fe8d0a0e5c4f27ead9083c756cc2,usd,3361.2918619792,21519293,2024-12-31 00:00:00.000000 +00:00
0xe0f63a424a4439cbe457d80e4f4b51ad25b2c56c,usd,0.856931223,21519293,2024-12-31 00:00:00.000000 +00:00
0xc02aaa39b223fe8d0a0e5c4f27ead9083c756cc2,usd,3361.2918619792,21519294,2024-12-31 00:00:00.000000 +00:00
0xe0f63a424a4439cbe457d80e4f4b51ad25b2c56c,usd,0.856931223,21519294,2024-12-31 00:00:00.000000 +00:00
0x9d39a5de30e57443bff2a8307a4256c8797a3497,usd,1.1376346857,21519294,2024-12-31 00:00:00.000000 +00:00
0xc02aaa39b223fe8d0a0e5c4f27ead9083c756cc2,usd,3361.2918619792,21519295,2024-12-31 00:00:00.000000 +00:00
0xa2b4c0af19cc16a6cfacce81f192b024d625817d,usd,0.0000000004,21519295,2024-12-31 00:00:00.000000 +00:00
0xc02aaa39b223fe8d0a0e5c4f27ead9083c756cc2,usd,3361.2918619792,21519296,2024-12-31 00:00:00.000000 +00:00
0x1f9840a85d5af5bf1d1762f925bdaddc4201f984,usd,13.3128309596,21519296,2024-12-31 00:00:00.000000 +00:00
0x553afe6468949e0685959022217336717df5fbe8,usd,65.5959327744,21519296,2024-12-31 00:00:00.000000 +00:00
0xc02aaa39b223fe8d0a0e5c4f27ead9083c756cc2,usd,3361.2918619792,21519297,2024-12-31 00:00:00.000000 +00:00
0xc02aaa39b223fe8d0a0e5c4f27ead9083c756cc2,usd,3361.2918619792,21519298,2024-12-31 00:00:00.000000 +00:00
0x7fd4d7737597e7b4ee22acbf8d94362343ae0a79,usd,26.817465269,21519298,2024-12-31 00:00:00.000000 +00:00
0xc02aaa39b223fe8d0a0e5c4f27ead9083c756cc2,usd,3361.2918619792,21519299,2024-12-31 00:00:00.000000 +00:00
0xf477ac7719e2e659001455cdda0cc8f3ad10b604,usd,0.0378481402,21519299,2024-12-31 00:00:00.000000 +00:00
0xc02aaa39b223fe8d0a0e5c4f27ead9083c756cc2,usd,3361.2918619792,21519300,2024-12-31 00:00:00.000000 +00:00
0xc02aaa39b223fe8d0a0e5c4f27ead9083c756cc2,usd,3361.2918619792,21519301,2024-12-31 00:00:00.000000 +00:00
0xa0b86991c6218b36c1d19d4a2e9eb0ce3606eb48,usd,1.0004683039,21519301,2024-12-31 00:00:00.000000 +00:00
0xc02aaa39b223fe8d0a0e5c4f27ead9083c756cc2,usd,3361.2918619792,21519302,2024-12-31 00:00:00.000000 +00:00
0xe0f63a424a4439cbe457d80e4f4b51ad25b2c56c,usd,0.856931223,21519302,2024-12-31 00:00:00.000000 +00:00
0xc02aaa39b223fe8d0a0e5c4f27ead9083c756cc2,usd,3361.2918619792,21519303,2024-12-31 00:00:00.000000 +00:00
0xc02aaa39b223fe8d0a0e5c4f27ead9083c756cc2,usd,3361.2918619792,21519304,2024-12-31 00:00:00.000000 +00:00
0xa0b86991c6218b36c1d19d4a2e9eb0ce3606eb48,usd,1.0004683039,21519304,2024-12-31 00:00:00.000000 +00:00
0xdac17f958d2ee523a2206206994597c13d831ec7,usd,0.9984921931,21519304,2024-12-31 00:00:00.000000 +00:00
0xc02aaa39b223fe8d0a0e5c4f27ead9083c756cc2,usd,3361.2918619792,21519305,2024-12-31 00:00:00.000000 +00:00
0xdac17f958d2ee523a2206206994597c13d831ec7,usd,0.9984921931,21519305,2024-12-31 00:00:00.000000 +00:00
0xc02aaa39b223fe8d0a0e5c4f27ead9083c756cc2,usd,3361.2918619792,21519306,2024-12-31 00:00:00.000000 +00:00
0xc02aaa39b223fe8d0a0e5c4f27ead9083c756cc2,usd,3361.2918619792,21519307,2024-12-31 00:00:00.000000 +00:00
0x6bfdb6f4e65ead27118592a41eb927cea6956198,usd,0.003364961,21519307,2024-12-31 00:00:00.000000 +00:00
0xec21890967a8ceb3e55a3f79dac4e90673ba3c2e,usd,0.0000000174,21519307,2024-12-31 00:00:00.000000 +00:00
0x3ffeea07a27fab7ad1df5297fa75e77a43cb5790,usd,0.0000000962,21519307,2024-12-31 00:00:00.000000 +00:00
0xe28b3b32b6c345a34ff64674606124dd5aceca30,usd,20.0177206582,21519307,2024-12-31 00:00:00.000000 +00:00
0x614a48c41be6ba6762b63a92cc33cfb5e8149332,usd,0.0000000025,21519307,2024-12-31 00:00:00.000000 +00:00
0xc02aaa39b223fe8d0a0e5c4f27ead9083c756cc2,usd,3361.2918619792,21519308,2024-12-31 00:00:00.000000 +00:00
0xdac17f958d2ee523a2206206994597c13d831ec7,usd,0.9984921931,21519308,2024-12-31 00:00:00.000000 +00:00
0xc02aaa39b223fe8d0a0e5c4f27ead9083c756cc2,usd,3361.2918619792,21519309,2024-12-31 00:00:00.000000 +00:00
0x65086e9928d297ebae6a7d24d8c3aea6f8f6b5d7,usd,0.0000000042,21519309,2024-12-31 00:00:00.000000 +00:00
0xc02aaa39b223fe8d0a0e5c4f27ead9083c756cc2,usd,3361.2918619792,21519310,2024-12-31 00:00:00.000000 +00:00
0xc02aaa39b223fe8d0a0e5c4f27ead9083c756cc2,usd,3361.2918619792,21519311,2024-12-31 00:00:00.000000 +00:00
0x8236a87084f8b84306f72007f36f2618a5634494,usd,92769.7784224694,21519311,2024-12-31 00:00:00.000000 +00:00
0xc02aaa39b223fe8d0a0e5c4f27ead9083c756cc2,usd,3361.2918619792,21519312,2024-12-31 00:00:00.000000 +00:00
0xc02aaa39b223fe8d0a0e5c4f27ead9083c756cc2,usd,3361.2918619792,21519313,2024-12-31 00:00:00.000000 +00:00
0xc02aaa39b223fe8d0a0e5c4f27ead9083c756cc2,usd,3361.2918619792,21519314,2024-12-31 00:00:00.000000 +00:00
0x62d0a8458ed7719fdaf978fe5929c6d342b0bfce,usd,0.0257801279,21519314,2024-12-31 00:00:00.000000 +00:00
0xdac17f958d2ee523a2206206994597c13d831ec7,usd,0.9984921931,21519314,2024-12-31 00:00:00.000000 +00:00
0xa0b86991c6218b36c1d19d4a2e9eb0ce3606eb48,usd,1.0004683039,21519314,2024-12-31 00:00:00.000000 +00:00
0xa9e8acf069c58aec8825542845fd754e41a9489a,usd,1.8312128731,21519314,2024-12-31 00:00:00.000000 +00:00
0xc02aaa39b223fe8d0a0e5c4f27ead9083c756cc2,usd,3361.2918619792,21519315,2024-12-31 00:00:00.000000 +00:00
0xa0b86991c6218b36c1d19d4a2e9eb0ce3606eb48,usd,1.0004683039,21519315,2024-12-31 00:00:00.000000 +00:00
0xc02aaa39b223fe8d0a0e5c4f27ead9083c756cc2,usd,3361.2918619792,21519316,2024-12-31 00:00:00.000000 +00:00
0xdac17f958d2ee523a2206206994597c13d831ec7,usd,0.9984921931,21519316,2024-12-31 00:00:00.000000 +00:00
0xc02aaa39b223fe8d0a0e5c4f27ead9083c756cc2,usd,3361.2918619792,21519317,2024-12-31 00:00:00.000000 +00:00
0xd46ba6d942050d489dbd938a2c909a5d5039a161,usd,1.2302335297,21519317,2024-12-31 00:00:00.000000 +00:00
0xc02aaa39b223fe8d0a0e5c4f27ead9083c756cc2,usd,3361.2918619792,21519318,2024-12-31 00:00:00.000000 +00:00
0xdac17f958d2ee523a2206206994597c13d831ec7,usd,0.9984921931,21519318,2024-12-31 00:00:00.000000 +00:00
0x607f4c5bb672230e8672085532f7e901544a7375,usd,2.3085017,21519318,2024-12-31 00:00:00.000000 +00:00
0xc02aaa39b223fe8d0a0e5c4f27ead9083c756cc2,usd,3361.2918619792,21519319,2024-12-31 00:00:00.000000 +00:00
0xc02aaa39b223fe8d0a0e5c4f27ead9083c756cc2,usd,3361.2918619792,21519320,2024-12-31 00:00:00.000000 +00:00
0xa0b86991c6218b36c1d19d4a2e9eb0ce3606eb48,usd,1.0004683039,21519320,2024-12-31 00:00:00.000000 +00:00
0xc02aaa39b223fe8d0a0e5c4f27ead9083c756cc2,usd,3361.2918619792,21519321,2024-12-31 00:00:00.000000 +00:00
0x6f40d4a6237c257fff2db00fa0510deeecd303eb,usd,6.3427064408,21519321,2024-12-31 00:00:00.000000 +00:00
0xc02aaa39b223fe8d0a0e5c4f27ead9083c756cc2,usd,3361.2918619792,21519322,2024-12-31 00:00:00.000000 +00:00
0x72e4f9f808c49a2a61de9c5896298920dc4eeea9,usd,0.1654038119,21519322,2024-12-31 00:00:00.000000 +00:00
0x6019dcb2d0b3e0d1d8b0ce8d16191b3a4f93703d,usd,2.6150184923,21519322,2024-12-31 00:00:00.000000 +00:00
0xc02aaa39b223fe8d0a0e5c4f27ead9083c756cc2,usd,3361.2918619792,21519323,2024-12-31 00:00:00.000000 +00:00
0xa0b86991c6218b36c1d19d4a2e9eb0ce3606eb48,usd,1.0004683039,21519323,2024-12-31 00:00:00.000000 +00:00
0xc02aaa39b223fe8d0a0e5c4f27ead9083c756cc2,usd,3361.2918619792,21519324,2024-12-31 00:00:00.000000 +00:00
0xdac17f958d2ee523a2206206994597c13d831ec7,usd,0.9984921931,21519324,2024-12-31 00:00:00.000000 +00:00
0xc02aaa39b223fe8d0a0e5c4f27ead9083c756cc2,usd,3361.2918619792,21519325,2024-12-31 00:00:00.000000 +00:00
0xc02aaa39b223fe8d0a0e5c4f27ead9083c756cc2,usd,3361.2918619792,21519326,2024-12-31 00:00:00.000000 +00:00
0xdac17f958d2ee523a2206206994597c13d831ec7,usd,0.9984921931,21519326,2024-12-31 00:00:00.000000 +00:00
0xc02aaa39b223fe8d0a0e5c4f27ead9083c756cc2,usd,3361.2918619792,21519327,2024-12-31 00:00:00.000000 +00:00
0xc02aaa39b223fe8d0a0e5c4f27ead9083c756cc2,usd,3361.2918619792,21519328,2024-12-31 00:00:00.000000 +00:00
0xa0b86991c6218b36c1d19d4a2e9eb0ce3606eb48,usd,1.0004683039,21519328,2024-12-31 00:00:00.000000 +00:00
0xc02aaa39b223fe8d0a0e5c4f27ead9083c756cc2,usd,3361.2918619792,21519329,2024-12-31 00:00:00.000000 +00:00
0xc02aaa39b223fe8d0a0e5c4f27ead9083c756cc2,usd,3361.2918619792,21519330,2024-12-31 00:00:00.000000 +00:00
0xdac17f958d2ee523a2206206994597c13d831ec7,usd,0.9984921931,21519330,2024-12-31 00:00:00.000000 +00:00
0xc02aaa39b223fe8d0a0e5c4f27ead9083c756cc2,usd,3361.2918619792,21519331,2024-12-31 00:00:00.000000 +00:00
0xc02aaa39b223fe8d0a0e5c4f27ead9083c756cc2,usd,3361.2918619792,21519332,2024-12-31 00:00:00.000000 +00:00
0x44ff8620b8ca30902395a7bd3f2407e1a091bf73,usd,3.4998754011,21519332,2024-12-31 00:00:00.000000 +00:00
0xa0b86991c6218b36c1d19d4a2e9eb0ce3606eb48,usd,1.0004683039,21519332,2024-12-31 00:00:00.000000 +00:00
0x553afe6468949e0685959022217336717df5fbe8,usd,65.5959327744,21519332,2024-12-31 00:00:00.000000 +00:00
0xc02aaa39b223fe8d0a0e5c4f27ead9083c756cc2,usd,3361.2918619792,21519333,2024-12-31 00:00:00.000000 +00:00
0xa0b86991c6218b36c1d19d4a2e9eb0ce3606eb48,usd,1.0004683039,21519333,2024-12-31 00:00:00.000000 +00:00
0x6982508145454ce325ddbe47a25d4ec3d2311933,usd,0.0000183114,21519333,2024-12-31 00:00:00.000000 +00:00
0xc02aaa39b223fe8d0a0e5c4f27ead9083c756cc2,usd,3361.2918619792,21519334,2024-12-31 00:00:00.000000 +00:00
0xc57d533c50bc22247d49a368880fb49a1caa39f7,usd,0.0096952628,21519334,2024-12-31 00:00:00.000000 +00:00
0x65086e9928d297ebae6a7d24d8c3aea6f8f6b5d7,usd,0.0000000042,21519334,2024-12-31 00:00:00.000000 +00:00
0xc02aaa39b223fe8d0a0e5c4f27ead9083c756cc2,usd,3361.2918619792,21519335,2024-12-31 00:00:00.000000 +00:00
0xa0b86991c6218b36c1d19d4a2e9eb0ce3606eb48,usd,1.0004683039,21519335,2024-12-31 00:00:00.000000 +00:00
0xc02aaa39b223fe8d0a0e5c4f27ead9083c756cc2,usd,3361.2918619792,21519336,2024-12-31 00:00:00.000000 +00:00
0xc02aaa39b223fe8d0a0e5c4f27ead9083c756cc2,usd,3361.2918619792,21519337,2024-12-31 00:00:00.000000 +00:00
0xdac17f958d2ee523a2206206994597c13d831ec7,usd,0.9984921931,21519337,2024-12-31 00:00:00.000000 +00:00
0xc02aaa39b223fe8d0a0e5c4f27ead9083c756cc2,usd,3361.2918619792,21519338,2024-12-31 00:00:00.000000 +00:00
0xc02aaa39b223fe8d0a0e5c4f27ead9083c756cc2,usd,3361.2918619792,21519339,2024-12-31 00:00:00.000000 +00:00
0x44971abf0251958492fee97da3e5c5ada88b9185,usd,3.6988563702,21519339,2024-12-31 00:00:00.000000 +00:00
0xc02aaa39b223fe8d0a0e5c4f27ead9083c756cc2,usd,3361.2918619792,21519340,2024-12-31 00:00:00.000000 +00:00
0xbbc2ae13b23d715c30720f079fcd9b4a74093505,usd,2.6577711327,21519340,2024-12-31 00:00:00.000000 +00:00
0xdac17f958d2ee523a2206206994597c13d831ec7,usd,0.9984921931,21519340,2024-12-31 00:00:00.000000 +00:00
0xc02aaa39b223fe8d0a0e5c4f27ead9083c756cc2,usd,3361.2918619792,21519341,2024-12-31 00:00:00.000000 +00:00
0xe9a53c43a0b58706e67341c4055de861e29ee943,usd,0.0000001806,21519341,2024-12-31 00:00:00.000000 +00:00
0xc02aaa39b223fe8d0a0e5c4f27ead9083c756cc2,usd,3361.2918619792,21519342,2024-12-31 00:00:00.000000 +00:00
0xc02aaa39b223fe8d0a0e5c4f27ead9083c756cc2,usd,3361.2918619792,21519343,2024-12-31 00:00:00.000000 +00:00
0xdef1ca1fb7fbcdc777520aa7f396b4e015f497ab,usd,0.9150062354,21519343,2024-12-31 00:00:00.000000 +00:00
0xc02aaa39b223fe8d0a0e5c4f27ead9083c756cc2,usd,3361.2918619792,21519344,2024-12-31 00:00:00.000000 +00:00
0xc02aaa39b223fe8d0a0e5c4f27ead9083c756cc2,usd,3361.2918619792,21519345,2024-12-31 00:00:00.000000 +00:00
0xc02aaa39b223fe8d0a0e5c4f27ead9083c756cc2,usd,3361.2918619792,21519346,2024-12-31 00:00:00.000000 +00:00
0x7fc66500c84a76ad7e9c93437bfc5ac33e2ddae9,usd,321.166877188,21519346,2024-12-31 00:00:00.000000 +00:00
0xc06caead870d3a8af2504637b6c5b7248bed6116,usd,0.0069570138,21519346,2024-12-31 00:00:00.000000 +00:00
0xc02aaa39b223fe8d0a0e5c4f27ead9083c756cc2,usd,3361.2918619792,21519347,2024-12-31 00:00:00.000000 +00:00
0xc02aaa39b223fe8d0a0e5c4f27ead9083c756cc2,usd,3361.2918619792,21519348,2024-12-31 00:00:00.000000 +00:00
0xc02aaa39b223fe8d0a0e5c4f27ead9083c756cc2,usd,3361.2918619792,21519349,2024-12-31 00:00:00.000000 +00:00
0x6e79b51959cf968d87826592f46f819f92466615,usd,0.0000898103,21519349,2024-12-31 00:00:00.000000 +00:00
0x8802269d1283cdb2a5a329649e5cb4cdcee91ab6,usd,0.0024484861,21519349,2024-12-31 00:00:00.000000 +00:00
0xc02aaa39b223fe8d0a0e5c4f27ead9083c756cc2,usd,3361.2918619792,21519350,2024-12-31 00:00:00.000000 +00:00
0xc02aaa39b223fe8d0a0e5c4f27ead9083c756cc2,usd,3361.2918619792,21519351,2024-12-31 00:00:00.000000 +00:00
0x5200b34e6a519f289f5258de4554ebd3db12e822,usd,0.0000048063,21519351,2024-12-31 00:00:00.000000 +00:00
0x26e550ac11b26f78a04489d5f20f24e3559f7dd9,usd,0.0151547626,21519351,2024-12-31 00:00:00.000000 +00:00
0xdef1ca1fb7fbcdc777520aa7f396b4e015f497ab,usd,0.9150062354,21519351,2024-12-31 00:00:00.000000 +00:00
0x5c162ec1c1679c67728d824defc0b415a97539e5,usd,0.008810324,21519351,2024-12-31 00:00:00.000000 +00:00
0xd4f4d0a10bcae123bb6655e8fe93a30d01eebd04,usd,0.1224046758,21519351,2024-12-31 00:00:00.000000 +00:00
0xc02aaa39b223fe8d0a0e5c4f27ead9083c756cc2,usd,3361.2918619792,21519352,2024-12-31 00:00:00.000000 +00:00
0xc02aaa39b223fe8d0a0e5c4f27ead9083c756cc2,usd,3361.2918619792,21519353,2024-12-31 00:00:00.000000 +00:00
0xc02aaa39b223fe8d0a0e5c4f27ead9083c756cc2,usd,3361.2918619792,21519354,2024-12-31 00:00:00.000000 +00:00
0xa35923162c49cf95e6bf26623385eb431ad920d3,usd,0.0092003103,21519354,2024-12-31 00:00:00.000000 +00:00
0xc02aaa39b223fe8d0a0e5c4f27ead9083c756cc2,usd,3361.2918619792,21519355,2024-12-31 00:00:00.000000 +00:00
0x6c5ba91642f10282b576d91922ae6448c9d52f4e,usd,0.4108983918,21519355,2024-12-31 00:00:00.000000 +00:00
0xc02aaa39b223fe8d0a0e5c4f27ead9083c756cc2,usd,3361.2918619792,21519356,2024-12-31 00:00:00.000000 +00:00
0xc02aaa39b223fe8d0a0e5c4f27ead9083c756cc2,usd,3361.2918619792,21519357,2024-12-31 00:00:00.000000 +00:00
0xdac17f958d2ee523a2206206994597c13d831ec7,usd,0.9984921931,21519357,2024-12-31 00:00:00.000000 +00:00
0x64c5cba9a1bfbd2a5faf601d91beff2dcac2c974,usd,0.0000000291,21519357,2024-12-31 00:00:00.000000 +00:00
0x4d224452801aced8b2f0aebe155379bb5d594381,usd,1.2235571247,21519357,2024-12-31 00:00:00.000000 +00:00
0x6982508145454ce325ddbe47a25d4ec3d2311933,usd,0.0000183114,21519357,2024-12-31 00:00:00.000000 +00:00
0x553afe6468949e0685959022217336717df5fbe8,usd,65.5959327744,21519357,2024-12-31 00:00:00.000000 +00:00
0xea7b7dc089c9a4a916b5a7a37617f59fd54e37e4,usd,0.2124596664,21519357,2024-12-31 00:00:00.000000 +00:00
0xc02aaa39b223fe8d0a0e5c4f27ead9083c756cc2,usd,3361.2918619792,21519358,2024-12-31 00:00:00.000000 +00:00
0xc02aaa39b223fe8d0a0e5c4f27ead9083c756cc2,usd,3361.2918619792,21519359,2024-12-31 00:00:00.000000 +00:00
0x5200b34e6a519f289f5258de4554ebd3db12e822,usd,0.0000048063,21519359,2024-12-31 00:00:00.000000 +00:00
0x9d39a5de30e57443bff2a8307a4256c8797a3497,usd,1.1376346857,21519359,2024-12-31 00:00:00.000000 +00:00
0xa0b86991c6218b36c1d19d4a2e9eb0ce3606eb48,usd,1.0004683039,21519359,2024-12-31 00:00:00.000000 +00:00
0x3073f7aaa4db83f95e9fff17424f71d4751a3073,usd,0.9207689288,21519359,2024-12-31 00:00:00.000000 +00:00
0xc02aaa39b223fe8d0a0e5c4f27ead9083c756cc2,usd,3361.2918619792,21519360,2024-12-31 00:00:00.000000 +00:00
0xc02aaa39b223fe8d0a0e5c4f27ead9083c756cc2,usd,3361.2918619792,21519361,2024-12-31 00:00:00.000000 +00:00
0xc02aaa39b223fe8d0a0e5c4f27ead9083c756cc2,usd,3361.2918619792,21519362,2024-12-31 00:00:00.000000 +00:00
0x6bfdb6f4e65ead27118592a41eb927cea6956198,usd,0.003364961,21519362,2024-12-31 00:00:00.000000 +00:00
0x7f39c581f595b53c5cb19bd0b3f8da6c935e2ca0,usd,3982.7890125777,21519362,2024-12-31 00:00:00.000000 +00:00
0xc02aaa39b223fe8d0a0e5c4f27ead9083c756cc2,usd,3361.2918619792,21519363,2024-12-31 00:00:00.000000 +00:00
0xdac17f958d2ee523a2206206994597c13d831ec7,usd,0.9984921931,21519363,2024-12-31 00:00:00.000000 +00:00
0xff284f2e8cce4cd2f4537d8a9369482b545908fb,usd,0.0108547908,21519363,2024-12-31 00:00:00.000000 +00:00
0x6e79b51959cf968d87826592f46f819f92466615,usd,0.0000898103,21519363,2024-12-31 00:00:00.000000 +00:00
0x553afe6468949e0685959022217336717df5fbe8,usd,65.5959327744,21519363,2024-12-31 00:00:00.000000 +00:00
0xc02aaa39b223fe8d0a0e5c4f27ead9083c756cc2,usd,3361.2918619792,21519364,2024-12-31 00:00:00.000000 +00:00
0x44ff8620b8ca30902395a7bd3f2407e1a091bf73,usd,3.4998754011,21519364,2024-12-31 00:00:00.000000 +00:00
0xc02aaa39b223fe8d0a0e5c4f27ead9083c756cc2,usd,3361.2918619792,21519365,2024-12-31 00:00:00.000000 +00:00
0x26e550ac11b26f78a04489d5f20f24e3559f7dd9,usd,0.0151547626,21519365,2024-12-31 00:00:00.000000 +00:00
0xc02aaa39b223fe8d0a0e5c4f27ead9083c756cc2,usd,3361.2918619792,21519366,2024-12-31 00:00:00.000000 +00:00
0xc02aaa39b223fe8d0a0e5c4f27ead9083c756cc2,usd,3361.2918619792,21519367,2024-12-31 00:00:00.000000 +00:00
0xa0b86991c6218b36c1d19d4a2e9eb0ce3606eb48,usd,1.0004683039,21519367,2024-12-31 00:00:00.000000 +00:00
0xdac17f958d2ee523a2206206994597c13d831ec7,usd,0.9984921931,21519367,2024-12-31 00:00:00.000000 +00:00
0xc02aaa39b223fe8d0a0e5c4f27ead9083c756cc2,usd,3361.2918619792,21519368,2024-12-31 00:00:00.000000 +00:00
0xc02aaa39b223fe8d0a0e5c4f27ead9083c756cc2,usd,3361.2918619792,21519369,2024-12-31 00:00:00.000000 +00:00
0x77f9cf0bd8c500cffdf420e72343893aecc2ec0b,usd,0.0000003091,21519369,2024-12-31 00:00:00.000000 +00:00
0xc02aaa39b223fe8d0a0e5c4f27ead9083c756cc2,usd,3361.2918619792,21519370,2024-12-31 00:00:00.000000 +00:00
0xf939e0a03fb07f59a73314e73794be0e57ac1b4e,usd,0.9986773246,21519370,2024-12-31 00:00:00.000000 +00:00
0xa0b86991c6218b36c1d19d4a2e9eb0ce3606eb48,usd,1.0004683039,21519370,2024-12-31 00:00:00.000000 +00:00
0xdac17f958d2ee523a2206206994597c13d831ec7,usd,0.9984921931,21519370,2024-12-31 00:00:00.000000 +00:00
0xc02aaa39b223fe8d0a0e5c4f27ead9083c756cc2,usd,3361.2918619792,21519371,2024-12-31 00:00:00.000000 +00:00
0xdac17f958d2ee523a2206206994597c13d831ec7,usd,0.9984921931,21519371,2024-12-31 00:00:00.000000 +00:00
0xa0b86991c6218b36c1d19d4a2e9eb0ce3606eb48,usd,1.0004683039,21519371,2024-12-31 00:00:00.000000 +00:00
0xc02aaa39b223fe8d0a0e5c4f27ead9083c756cc2,usd,3361.2918619792,21519372,2024-12-31 00:00:00.000000 +00:00
0xc02aaa39b223fe8d0a0e5c4f27ead9083c756cc2,usd,3361.2918619792,21519373,2024-12-31 00:00:00.000000 +00:00
0xdac17f958d2ee523a2206206994597c13d831ec7,usd,0.9984921931,21519373,2024-12-31 00:00:00.000000 +00:00
0xc02aaa39b223fe8d0a0e5c4f27ead9083c756cc2,usd,3361.2918619792,21519374,2024-12-31 00:00:00.000000 +00:00
0xa0b86991c6218b36c1d19d4a2e9eb0ce3606eb48,usd,1.0004683039,21519374,2024-12-31 00:00:00.000000 +00:00
0xc02aaa39b223fe8d0a0e5c4f27ead9083c756cc2,usd,3361.2918619792,21519375,2024-12-31 00:00:00.000000 +00:00
0xc02aaa39b223fe8d0a0e5c4f27ead9083c756cc2,usd,3361.2918619792,21519376,2024-12-31 00:00:00.000000 +00:00
0xa0b86991c6218b36c1d19d4a2e9eb0ce3606eb48,usd,1.0004683039,21519376,2024-12-31 00:00:00.000000 +00:00
0x3ffeea07a27fab7ad1df5297fa75e77a43cb5790,usd,0.0000000962,21519376,2024-12-31 00:00:00.000000 +00:00
0xe28b3b32b6c345a34ff64674606124dd5aceca30,usd,20.0177206582,21519376,2024-12-31 00:00:00.000000 +00:00
0xc02aaa39b223fe8d0a0e5c4f27ead9083c756cc2,usd,3361.2918619792,21519377,2024-12-31 00:00:00.000000 +00:00
0x6bfdb6f4e65ead27118592a41eb927cea6956198,usd,0.003364961,21519377,2024-12-31 00:00:00.000000 +00:00
0xc02aaa39b223fe8d0a0e5c4f27ead9083c756cc2,usd,3361.2918619792,21519378,2024-12-31 00:00:00.000000 +00:00
0x26e550ac11b26f78a04489d5f20f24e3559f7dd9,usd,0.0151547626,21519378,2024-12-31 00:00:00.000000 +00:00
0xa0b86991c6218b36c1d19d4a2e9eb0ce3606eb48,usd,1.0004683039,21519378,2024-12-31 00:00:00.000000 +00:00
0xc02aaa39b223fe8d0a0e5c4f27ead9083c756cc2,usd,3361.2918619792,21519379,2024-12-31 00:00:00.000000 +00:00
0xa0b86991c6218b36c1d19d4a2e9eb0ce3606eb48,usd,1.0004683039,21519379,2024-12-31 00:00:00.000000 +00:00
0x04f121600c8c47a754636fc9d75661a9525e05d5,usd,0.0003674018,21519379,2024-12-31 00:00:00.000000 +00:00
0xc02aaa39b223fe8d0a0e5c4f27ead9083c756cc2,usd,3361.2918619792,21519380,2024-12-31 00:00:00.000000 +00:00
0x6b175474e89094c44da98b954eedeac495271d0f,usd,0.9999764667,21519380,2024-12-31 00:00:00.000000 +00:00
0xc02aaa39b223fe8d0a0e5c4f27ead9083c756cc2,usd,3361.2918619792,21519381,2024-12-31 00:00:00.000000 +00:00
0x44ff8620b8ca30902395a7bd3f2407e1a091bf73,usd,3.4998754011,21519381,2024-12-31 00:00:00.000000 +00:00
0xdac17f958d2ee523a2206206994597c13d831ec7,usd,0.9984921931,21519381,2024-12-31 00:00:00.000000 +00:00
0xc02aaa39b223fe8d0a0e5c4f27ead9083c756cc2,usd,3361.2918619792,21519382,2024-12-31 00:00:00.000000 +00:00
0x761d38e5ddf6ccf6cf7c55759d5210750b5d60f3,usd,0.0000001957,21519382,2024-12-31 00:00:00.000000 +00:00
0xc02aaa39b223fe8d0a0e5c4f27ead9083c756cc2,usd,3361.2918619792,21519383,2024-12-31 00:00:00.000000 +00:00
0x26c8afbbfe1ebaca03c2bb082e69d0476bffe099,usd,1.161446086,21519383,2024-12-31 00:00:00.000000 +00:00
0xc02aaa39b223fe8d0a0e5c4f27ead9083c756cc2,usd,3361.2918619792,21519384,2024-12-31 00:00:00.000000 +00:00
0xdac17f958d2ee523a2206206994597c13d831ec7,usd,0.9984921931,21519384,2024-12-31 00:00:00.000000 +00:00
0xc02aaa39b223fe8d0a0e5c4f27ead9083c756cc2,usd,3361.2918619792,21519385,2024-12-31 00:00:00.000000 +00:00
0xc02aaa39b223fe8d0a0e5c4f27ead9083c756cc2,usd,3361.2918619792,21519386,2024-12-31 00:00:00.000000 +00:00
0xc02aaa39b223fe8d0a0e5c4f27ead9083c756cc2,usd,3361.2918619792,21519387,2024-12-31 00:00:00.000000 +00:00
0xc02aaa39b223fe8d0a0e5c4f27ead9083c756cc2,usd,3361.2918619792,21519388,2024-12-31 00:00:00.000000 +00:00
0xc02aaa39b223fe8d0a0e5c4f27ead9083c756cc2,usd,3361.2918619792,21519389,2024-12-31 00:00:00.000000 +00:00
0xc02aaa39b223fe8d0a0e5c4f27ead9083c756cc2,usd,3361.2918619792,21519390,2024-12-31 00:00:00.000000 +00:00
0xc02aaa39b223fe8d0a0e5c4f27ead9083c756cc2,usd,3361.2918619792,21519391,2024-12-31 00:00:00.000000 +00:00
0xc02aaa39b223fe8d0a0e5c4f27ead9083c756cc2,usd,3361.2918619792,21519392,2024-12-31 00:00:00.000000 +00:00
0xc02aaa39b223fe8d0a0e5c4f27ead9083c756cc2,usd,3361.2918619792,21519393,2024-12-31 00:00:00.000000 +00:00
0xc02aaa39b223fe8d0a0e5c4f27ead9083c756cc2,usd,3361.2918619792,21519394,2024-12-31 00:00:00.000000 +00:00
0xc02aaa39b223fe8d0a0e5c4f27ead9083c756cc2,usd,3361.2918619792,21519395,2024-12-31 00:00:00.000000 +00:00
0xd46ba6d942050d489dbd938a2c909a5d5039a161,usd,1.2302335297,21519395,2024-12-31 00:00:00.000000 +00:00
0xc02aaa39b223fe8d0a0e5c4f27ead9083c756cc2,usd,3361.2918619792,21519396,2024-12-31 00:00:00.000000 +00:00
0x6bfdb6f4e65ead27118592a41eb927cea6956198,usd,0.003364961,21519396,2024-12-31 00:00:00.000000 +00:00
0xc02aaa39b223fe8d0a0e5c4f27ead9083c756cc2,usd,3361.2918619792,21519397,2024-12-31 00:00:00.000000 +00:00
0x5026f006b85729a8b14553fae6af249ad16c9aab,usd,0.000823978,21519397,2024-12-31 00:00:00.000000 +00:00
0xc02aaa39b223fe8d0a0e5c4f27ead9083c756cc2,usd,3361.2918619792,21519398,2024-12-31 00:00:00.000000 +00:00
0xc02aaa39b223fe8d0a0e5c4f27ead9083c756cc2,usd,3361.2918619792,21519399,2024-12-31 00:00:00.000000 +00:00
0xdac17f958d2ee523a2206206994597c13d831ec7,usd,0.9984921931,21519399,2024-12-31 00:00:00.000000 +00:00
0xc02aaa39b223fe8d0a0e5c4f27ead9083c756cc2,usd,3361.2918619792,21519400,2024-12-31 00:00:00.000000 +00:00
0xc02aaa39b223fe8d0a0e5c4f27ead9083c756cc2,usd,3361.2918619792,21519401,2024-12-31 00:00:00.000000 +00:00
0x6bfdb6f4e65ead27118592a41eb927cea6956198,usd,0.003364961,21519401,2024-12-31 00:00:00.000000 +00:00
0xa0b86991c6218b36c1d19d4a2e9eb0ce3606eb48,usd,1.0004683039,21519401,2024-12-31 00:00:00.000000 +00:00
0xc02aaa39b223fe8d0a0e5c4f27ead9083c756cc2,usd,3361.2918619792,21519402,2024-12-31 00:00:00.000000 +00:00
0x28561b8a2360f463011c16b6cc0b0cbef8dbbcad,usd,0.0001580959,21519402,2024-12-31 00:00:00.000000 +00:00
0xc02aaa39b223fe8d0a0e5c4f27ead9083c756cc2,usd,3361.2918619792,21519403,2024-12-31 00:00:00.000000 +00:00
0xc02aaa39b223fe8d0a0e5c4f27ead9083c756cc2,usd,3361.2918619792,21519404,2024-12-31 00:00:00.000000 +00:00
0xa0b86991c6218b36c1d19d4a2e9eb0ce3606eb48,usd,1.0004683039,21519404,2024-12-31 00:00:00.000000 +00:00
0x44ff8620b8ca30902395a7bd3f2407e1a091bf73,usd,3.4998754011,21519404,2024-12-31 00:00:00.000000 +00:00
0xc02aaa39b223fe8d0a0e5c4f27ead9083c756cc2,usd,3361.2918619792,21519405,2024-12-31 00:00:00.000000 +00:00
0x8f66cf0f1db84f8ee2a46352409370a69ae4e059,usd,0.0000014062,21519405,2024-12-31 00:00:00.000000 +00:00
0xc02aaa39b223fe8d0a0e5c4f27ead9083c756cc2,usd,3361.2918619792,21519406,2024-12-31 00:00:00.000000 +00:00
0xc02aaa39b223fe8d0a0e5c4f27ead9083c756cc2,usd,3361.2918619792,21519407,2024-12-31 00:00:00.000000 +00:00
0xc02aaa39b223fe8d0a0e5c4f27ead9083c756cc2,usd,3361.2918619792,21519408,2024-12-31 00:00:00.000000 +00:00
0x3073f7aaa4db83f95e9fff17424f71d4751a3073,usd,0.9207689288,21519408,2024-12-31 00:00:00.000000 +00:00
0xc02aaa39b223fe8d0a0e5c4f27ead9083c756cc2,usd,3361.2918619792,21519409,2024-12-31 00:00:00.000000 +00:00
0x5c5b196abe0d54485975d1ec29617d42d9198326,usd,0.9837927662,21519409,2024-12-31 00:00:00.000000 +00:00
0xc575bd129848ce06a460a19466c30e1d0328f52c,usd,6.0491308229,21519409,2024-12-31 00:00:00.000000 +00:00
0x1f9840a85d5af5bf1d1762f925bdaddc4201f984,usd,13.3128309596,21519409,2024-12-31 00:00:00.000000 +00:00
0xf477ac7719e2e659001455cdda0cc8f3ad10b604,usd,0.0378481402,21519409,2024-12-31 00:00:00.000000 +00:00
0xc02aaa39b223fe8d0a0e5c4f27ead9083c756cc2,usd,3361.2918619792,21519410,2024-12-31 00:00:00.000000 +00:00
0xa0b86991c6218b36c1d19d4a2e9eb0ce3606eb48,usd,1.0004683039,21519410,2024-12-31 00:00:00.000000 +00:00
0x046eee2cc3188071c02bfc1745a6b17c656e3f3d,usd,0.1198056716,21519410,2024-12-31 00:00:00.000000 +00:00
0x97de57ec338ab5d51557da3434828c5dbfada371,usd,0.5409940874,21519410,2024-12-31 00:00:00.000000 +00:00
0xc02aaa39b223fe8d0a0e5c4f27ead9083c756cc2,usd,3361.2918619792,21519411,2024-12-31 00:00:00.000000 +00:00
0xa0b86991c6218b36c1d19d4a2e9eb0ce3606eb48,usd,1.0004683039,21519411,2024-12-31 00:00:00.000000 +00:00
0xc02aaa39b223fe8d0a0e5c4f27ead9083c756cc2,usd,3361.2918619792,21519412,2024-12-31 00:00:00.000000 +00:00
0xc02aaa39b223fe8d0a0e5c4f27ead9083c756cc2,usd,3361.2918619792,21519413,2024-12-31 00:00:00.000000 +00:00
0xc02aaa39b223fe8d0a0e5c4f27ead9083c756cc2,usd,3361.2918619792,21519414,2024-12-31 00:00:00.000000 +00:00
0xa2cd3d43c775978a96bdbf12d733d5a1ed94fb18,usd,0.0024661565,21519414,2024-12-31 00:00:00.000000 +00:00
0xb50721bcf8d664c30412cfbc6cf7a15145234ad1,usd,0.731160145,21519414,2024-12-31 00:00:00.000000 +00:00
0xdac17f958d2ee523a2206206994597c13d831ec7,usd,0.9984921931,21519414,2024-12-31 00:00:00.000000 +00:00
0xc02aaa39b223fe8d0a0e5c4f27ead9083c756cc2,usd,3361.2918619792,21519415,2024-12-31 00:00:00.000000 +00:00
0xc02aaa39b223fe8d0a0e5c4f27ead9083c756cc2,usd,3361.2918619792,21519416,2024-12-31 00:00:00.000000 +00:00
0xa35923162c49cf95e6bf26623385eb431ad920d3,usd,0.0092003103,21519416,2024-12-31 00:00:00.000000 +00:00
0xc02aaa39b223fe8d0a0e5c4f27ead9083c756cc2,usd,3361.2918619792,21519417,2024-12-31 00:00:00.000000 +00:00
0xa9e8acf069c58aec8825542845fd754e41a9489a,usd,1.8312128731,21519417,2024-12-31 00:00:00.000000 +00:00
0xc02aaa39b223fe8d0a0e5c4f27ead9083c756cc2,usd,3361.2918619792,21519418,2024-12-31 00:00:00.000000 +00:00
0x8236a87084f8b84306f72007f36f2618a5634494,usd,92769.7784224694,21519418,2024-12-31 00:00:00.000000 +00:00
0xc02aaa39b223fe8d0a0e5c4f27ead9083c756cc2,usd,3361.2918619792,21519419,2024-12-31 00:00:00.000000 +00:00
0x9d39a5de30e57443bff2a8307a4256c8797a3497,usd,1.1376346857,21519419,2024-12-31 00:00:00.000000 +00:00
0xc02aaa39b223fe8d0a0e5c4f27ead9083c756cc2,usd,3361.2918619792,21519420,2024-12-31 00:00:00.000000 +00:00
0x71297312753ea7a2570a5a3278ed70d9a75f4f44,usd,0.0004809654,21519420,2024-12-31 00:00:00.000000 +00:00
0x6fc13eace26590b80cccab1ba5d51890577d83b2,usd,0.011112246,21519420,2024-12-31 00:00:00.000000 +00:00
0xc02aaa39b223fe8d0a0e5c4f27ead9083c756cc2,usd,3361.2918619792,21519421,2024-12-31 00:00:00.000000 +00:00
0x8f66cf0f1db84f8ee2a46352409370a69ae4e059,usd,0.0000014062,21519421,2024-12-31 00:00:00.000000 +00:00
0xc02aaa39b223fe8d0a0e5c4f27ead9083c756cc2,usd,3361.2918619792,21519422,2024-12-31 00:00:00.000000 +00:00
0x2b591e99afe9f32eaa6214f7b7629768c40eeb39,usd,0.0032051834,21519422,2024-12-31 00:00:00.000000 +00:00
0xc02aaa39b223fe8d0a0e5c4f27ead9083c756cc2,usd,3361.2918619792,21519423,2024-12-31 00:00:00.000000 +00:00
0xa0b86991c6218b36c1d19d4a2e9eb0ce3606eb48,usd,1.0004683039,21519423,2024-12-31 00:00:00.000000 +00:00
0xc02aaa39b223fe8d0a0e5c4f27ead9083c756cc2,usd,3361.2918619792,21519424,2024-12-31 00:00:00.000000 +00:00
0xc02aaa39b223fe8d0a0e5c4f27ead9083c756cc2,usd,3361.2918619792,21519425,2024-12-31 00:00:00.000000 +00:00
0x5200b34e6a519f289f5258de4554ebd3db12e822,usd,0.0000048063,21519425,2024-12-31 00:00:00.000000 +00:00
0x2077d81d0c5258230d5a195233941547cb5f0989,usd,0.0000225952,21519425,2024-12-31 00:00:00.000000 +00:00
0xa0b86991c6218b36c1d19d4a2e9eb0ce3606eb48,usd,1.0004683039,21519425,2024-12-31 00:00:00.000000 +00:00
0xc02aaa39b223fe8d0a0e5c4f27ead9083c756cc2,usd,3361.2918619792,21519426,2024-12-31 00:00:00.000000 +00:00
0x2260fac5e5542a773aa44fbcfedf7c193bc2c599,usd,92423.6634782479,21519426,2024-12-31 00:00:00.000000 +00:00
0x675b68aa4d9c2d3bb3f0397048e62e6b7192079c,usd,0.0734685388,21519426,2024-12-31 00:00:00.000000 +00:00
0xc02aaa39b223fe8d0a0e5c4f27ead9083c756cc2,usd,3361.2918619792,21519427,2024-12-31 00:00:00.000000 +00:00
0xc02aaa39b223fe8d0a0e5c4f27ead9083c756cc2,usd,3361.2918619792,21519428,2024-12-31 00:00:00.000000 +00:00
0xb753428af26e81097e7fd17f40c88aaa3e04902c,usd,24.7549369955,21519428,2024-12-31 00:00:00.000000 +00:00
0x35d8949372d46b7a3d5a56006ae77b215fc69bc0,usd,0.9982623688,21519428,2024-12-31 00:00:00.000000 +00:00
0xa0b86991c6218b36c1d19d4a2e9eb0ce3606eb48,usd,1.0004683039,21519428,2024-12-31 00:00:00.000000 +00:00
0xc02aaa39b223fe8d0a0e5c4f27ead9083c756cc2,usd,3361.2918619792,21519429,2024-12-31 00:00:00.000000 +00:00
0x0f2d719407fdbeff09d87557abb7232601fd9f29,usd,0.623123699,21519429,2024-12-31 00:00:00.000000 +00:00
0xc02aaa39b223fe8d0a0e5c4f27ead9083c756cc2,usd,3361.2918619792,21519430,2024-12-31 00:00:00.000000 +00:00
0x8290333cef9e6d528dd5618fb97a76f268f3edd4,usd,0.0343663252,21519430,2024-12-31 00:00:00.000000 +00:00
0xc02aaa39b223fe8d0a0e5c4f27ead9083c756cc2,usd,3361.2918619792,21519431,2024-12-31 00:00:00.000000 +00:00
0x66761fa41377003622aee3c7675fc7b5c1c2fac5,usd,0.4385031254,21519431,2024-12-31 00:00:00.000000 +00:00
0xa0b86991c6218b36c1d19d4a2e9eb0ce3606eb48,usd,1.0004683039,21519431,2024-12-31 00:00:00.000000 +00:00
0xc02aaa39b223fe8d0a0e5c4f27ead9083c756cc2,usd,3361.2918619792,21519432,2024-12-31 00:00:00.000000 +00:00
0xc02aaa39b223fe8d0a0e5c4f27ead9083c756cc2,usd,3361.2918619792,21519433,2024-12-31 00:00:00.000000 +00:00
0xc02aaa39b223fe8d0a0e5c4f27ead9083c756cc2,usd,3361.2918619792,21519434,2024-12-31 00:00:00.000000 +00:00
0xa0b86991c6218b36c1d19d4a2e9eb0ce3606eb48,usd,1.0004683039,21519434,2024-12-31 00:00:00.000000 +00:00
